scope,entry_edge,exit_edge,complete_source_count,vehicle_count,flow_count,conserved
OD,E2J,J2E,2,2,2,True
OD,E2J,J2N,458,458,458,True
OD,E2J,J2S,87,87,87,True
OD,E2J,J2W,433,433,433,True
OD,N2J,J2E,321,321,321,True
OD,N2J,J2N,4,4,4,True
OD,N2J,J2S,335,335,335,True
OD,N2J,J2W,45,45,45,True
OD,S2J,J2E,231,231,231,True
OD,S2J,J2N,1145,1145,1145,True
OD,S2J,J2S,2,2,2,True
OD,S2J,J2W,111,111,111,True
OD,W2J,J2E,931,931,931,True
OD,W2J,J2N,74,74,74,True
OD,W2J,J2S,138,138,138,True
OD,W2J,J2W,2,2,2,True
TOTAL,,,4319,4319,4319,True
