offset_seconds,matched_records,calibration_records,match_rate
0.0,38,291,0.13058419243986255
0.1,38,291,0.13058419243986255
0.2,38,291,0.13058419243986255
0.3,37,291,0.12714776632302405
0.4,37,291,0.12714776632302405
0.5,37,291,0.12714776632302405
0.6,37,291,0.12714776632302405
0.7,37,291,0.12714776632302405
0.8,37,291,0.12714776632302405
0.9,37,291,0.12714776632302405
1.0,37,291,0.12714776632302405
1.1,37,291,0.12714776632302405
1.2,36,291,0.12371134020618557
1.3,36,291,0.12371134020618557
1.4,36,291,0.12371134020618557
1.5,36,291,0.12371134020618557
1.6,37,291,0.12714776632302405
1.7,37,291,0.12714776632302405
1.8,37,291,0.12714776632302405
1.9,37,291,0.12714776632302405
2.0,38,291,0.13058419243986255
2.1,37,291,0.12714776632302405
2.2,38,291,0.13058419243986255
2.3,37,291,0.12714776632302405
2.4,37,291,0.12714776632302405
2.5,37,291,0.12714776632302405
2.6,37,291,0.12714776632302405
2.7,38,291,0.13058419243986255
2.8,38,291,0.13058419243986255
2.9,38,291,0.13058419243986255
3.0,38,291,0.13058419243986255
3.1,38,291,0.13058419243986255
3.2,38,291,0.13058419243986255
3.3,38,291,0.13058419243986255
3.4,37,291,0.12714776632302405
3.5,37,291,0.12714776632302405
3.6,36,291,0.12371134020618557
3.7,36,291,0.12371134020618557
3.8,36,291,0.12371134020618557
3.9,36,291,0.12371134020618557
4.0,36,291,0.12371134020618557
4.1,36,291,0.12371134020618557
4.2,36,291,0.12371134020618557
4.3,36,291,0.12371134020618557
4.4,36,291,0.12371134020618557
4.5,36,291,0.12371134020618557
4.6,36,291,0.12371134020618557
4.7,36,291,0.12371134020618557
4.8,35,291,0.12027491408934708
4.9,35,291,0.12027491408934708
5.0,35,291,0.12027491408934708
5.1,35,291,0.12027491408934708
5.2,35,291,0.12027491408934708
5.3,35,291,0.12027491408934708
5.4,36,291,0.12371134020618557
5.5,36,291,0.12371134020618557
5.6,36,291,0.12371134020618557
5.7,36,291,0.12371134020618557
5.8,36,291,0.12371134020618557
5.9,36,291,0.12371134020618557
6.0,36,291,0.12371134020618557
6.1,37,291,0.12714776632302405
6.2,37,291,0.12714776632302405
6.3,37,291,0.12714776632302405
6.4,36,291,0.12371134020618557
6.5,36,291,0.12371134020618557
6.6,35,291,0.12027491408934708
6.7,35,291,0.12027491408934708
6.8,35,291,0.12027491408934708
6.9,34,291,0.11683848797250859
7.0,34,291,0.11683848797250859
7.1,34,291,0.11683848797250859
7.2,34,291,0.11683848797250859
7.3,34,291,0.11683848797250859
7.4,34,291,0.11683848797250859
7.5,34,291,0.11683848797250859
7.6,33,291,0.1134020618556701
7.7,34,291,0.11683848797250859
7.8,34,291,0.11683848797250859
7.9,34,291,0.11683848797250859
8.0,34,291,0.11683848797250859
8.1,34,291,0.11683848797250859
8.2,34,291,0.11683848797250859
8.3,34,291,0.11683848797250859
8.4,34,291,0.11683848797250859
8.5,34,291,0.11683848797250859
8.6,34,291,0.11683848797250859
8.7,34,291,0.11683848797250859
8.8,34,291,0.11683848797250859
8.9,34,291,0.11683848797250859
9.0,34,291,0.11683848797250859
9.1,34,291,0.11683848797250859
9.2,34,291,0.11683848797250859
9.3,34,291,0.11683848797250859
9.4,34,291,0.11683848797250859
9.5,34,291,0.11683848797250859
9.6,34,291,0.11683848797250859
9.7,34,291,0.11683848797250859
9.8,34,291,0.11683848797250859
9.9,34,291,0.11683848797250859
10.0,34,291,0.11683848797250859
10.1,34,291,0.11683848797250859
10.2,34,291,0.11683848797250859
10.3,34,291,0.11683848797250859
10.4,34,291,0.11683848797250859
10.5,34,291,0.11683848797250859
10.6,34,291,0.11683848797250859
10.7,34,291,0.11683848797250859
10.8,34,291,0.11683848797250859
10.9,34,291,0.11683848797250859
11.0,34,291,0.11683848797250859
11.1,34,291,0.11683848797250859
11.2,34,291,0.11683848797250859
11.3,35,291,0.12027491408934708
11.4,35,291,0.12027491408934708
11.5,35,291,0.12027491408934708
11.6,36,291,0.12371134020618557
11.7,36,291,0.12371134020618557
11.8,36,291,0.12371134020618557
11.9,36,291,0.12371134020618557
12.0,35,291,0.12027491408934708
12.1,35,291,0.12027491408934708
12.2,35,291,0.12027491408934708
12.3,35,291,0.12027491408934708
12.4,35,291,0.12027491408934708
12.5,34,291,0.11683848797250859
12.6,34,291,0.11683848797250859
12.7,34,291,0.11683848797250859
12.8,34,291,0.11683848797250859
12.9,33,291,0.1134020618556701
13.0,33,291,0.1134020618556701
13.1,33,291,0.1134020618556701
13.2,33,291,0.1134020618556701
13.3,33,291,0.1134020618556701
13.4,33,291,0.1134020618556701
13.5,34,291,0.11683848797250859
13.6,34,291,0.11683848797250859
13.7,34,291,0.11683848797250859
13.8,34,291,0.11683848797250859
13.9,34,291,0.11683848797250859
14.0,34,291,0.11683848797250859
14.1,34,291,0.11683848797250859
14.2,33,291,0.1134020618556701
14.3,33,291,0.1134020618556701
14.4,33,291,0.1134020618556701
14.5,33,291,0.1134020618556701
14.6,33,291,0.1134020618556701
14.7,33,291,0.1134020618556701
14.8,33,291,0.1134020618556701
14.9,33,291,0.1134020618556701
15.0,31,291,0.10652920962199312
15.1,31,291,0.10652920962199312
15.2,31,291,0.10652920962199312
15.3,31,291,0.10652920962199312
15.4,31,291,0.10652920962199312
15.5,31,291,0.10652920962199312
15.6,31,291,0.10652920962199312
15.7,31,291,0.10652920962199312
15.8,31,291,0.10652920962199312
15.9,31,291,0.10652920962199312
16.0,31,291,0.10652920962199312
16.1,30,291,0.10309278350515463
16.2,30,291,0.10309278350515463
16.3,30,291,0.10309278350515463
16.4,30,291,0.10309278350515463
16.5,30,291,0.10309278350515463
16.6,30,291,0.10309278350515463
16.7,30,291,0.10309278350515463
16.8,29,291,0.09965635738831616
16.9,28,291,0.09621993127147767
17.0,27,291,0.09278350515463918
17.1,27,291,0.09278350515463918
17.2,27,291,0.09278350515463918
17.3,27,291,0.09278350515463918
17.4,27,291,0.09278350515463918
17.5,27,291,0.09278350515463918
17.6,27,291,0.09278350515463918
17.7,27,291,0.09278350515463918
17.8,27,291,0.09278350515463918
17.9,27,291,0.09278350515463918
18.0,27,291,0.09278350515463918
18.1,27,291,0.09278350515463918
18.2,28,291,0.09621993127147767
18.3,28,291,0.09621993127147767
18.4,28,291,0.09621993127147767
18.5,29,291,0.09965635738831616
18.6,29,291,0.09965635738831616
18.7,29,291,0.09965635738831616
18.8,28,291,0.09621993127147767
18.9,28,291,0.09621993127147767
19.0,28,291,0.09621993127147767
19.1,28,291,0.09621993127147767
19.2,28,291,0.09621993127147767
19.3,28,291,0.09621993127147767
19.4,29,291,0.09965635738831616
19.5,29,291,0.09965635738831616
19.6,29,291,0.09965635738831616
19.7,29,291,0.09965635738831616
19.8,29,291,0.09965635738831616
19.9,29,291,0.09965635738831616
20.0,29,291,0.09965635738831616
20.1,29,291,0.09965635738831616
20.2,29,291,0.09965635738831616
20.3,29,291,0.09965635738831616
20.4,29,291,0.09965635738831616
20.5,29,291,0.09965635738831616
20.6,29,291,0.09965635738831616
20.7,29,291,0.09965635738831616
20.8,29,291,0.09965635738831616
20.9,29,291,0.09965635738831616
21.0,29,291,0.09965635738831616
21.1,30,291,0.10309278350515463
21.2,30,291,0.10309278350515463
21.3,30,291,0.10309278350515463
21.4,30,291,0.10309278350515463
21.5,30,291,0.10309278350515463
21.6,29,291,0.09965635738831616
21.7,30,291,0.10309278350515463
21.8,30,291,0.10309278350515463
21.9,30,291,0.10309278350515463
22.0,30,291,0.10309278350515463
22.1,30,291,0.10309278350515463
22.2,30,291,0.10309278350515463
22.3,29,291,0.09965635738831616
22.4,29,291,0.09965635738831616
22.5,29,291,0.09965635738831616
22.6,29,291,0.09965635738831616
22.7,29,291,0.09965635738831616
22.8,29,291,0.09965635738831616
22.9,29,291,0.09965635738831616
23.0,29,291,0.09965635738831616
23.1,29,291,0.09965635738831616
23.2,29,291,0.09965635738831616
23.3,28,291,0.09621993127147767
23.4,28,291,0.09621993127147767
23.5,28,291,0.09621993127147767
23.6,28,291,0.09621993127147767
23.7,28,291,0.09621993127147767
23.8,28,291,0.09621993127147767
23.9,28,291,0.09621993127147767
24.0,28,291,0.09621993127147767
24.1,28,291,0.09621993127147767
24.2,28,291,0.09621993127147767
24.3,28,291,0.09621993127147767
24.4,28,291,0.09621993127147767
24.5,29,291,0.09965635738831616
24.6,29,291,0.09965635738831616
24.7,29,291,0.09965635738831616
24.8,30,291,0.10309278350515463
24.9,30,291,0.10309278350515463
25.0,31,291,0.10652920962199312
25.1,31,291,0.10652920962199312
25.2,32,291,0.10996563573883161
25.3,32,291,0.10996563573883161
25.4,32,291,0.10996563573883161
25.5,32,291,0.10996563573883161
25.6,32,291,0.10996563573883161
25.7,32,291,0.10996563573883161
25.8,32,291,0.10996563573883161
25.9,32,291,0.10996563573883161
26.0,32,291,0.10996563573883161
26.1,32,291,0.10996563573883161
26.2,31,291,0.10652920962199312
26.3,31,291,0.10652920962199312
26.4,29,291,0.09965635738831616
26.5,29,291,0.09965635738831616
26.6,29,291,0.09965635738831616
26.7,29,291,0.09965635738831616
26.8,30,291,0.10309278350515463
26.9,30,291,0.10309278350515463
27.0,30,291,0.10309278350515463
27.1,30,291,0.10309278350515463
27.2,30,291,0.10309278350515463
27.3,30,291,0.10309278350515463
27.4,31,291,0.10652920962199312
27.5,31,291,0.10652920962199312
27.6,31,291,0.10652920962199312
27.7,31,291,0.10652920962199312
27.8,30,291,0.10309278350515463
27.9,30,291,0.10309278350515463
28.0,31,291,0.10652920962199312
28.1,32,291,0.10996563573883161
28.2,32,291,0.10996563573883161
28.3,32,291,0.10996563573883161
28.4,32,291,0.10996563573883161
28.5,32,291,0.10996563573883161
28.6,32,291,0.10996563573883161
28.7,32,291,0.10996563573883161
28.8,32,291,0.10996563573883161
28.9,32,291,0.10996563573883161
29.0,32,291,0.10996563573883161
29.1,31,291,0.10652920962199312
29.2,31,291,0.10652920962199312
29.3,31,291,0.10652920962199312
29.4,31,291,0.10652920962199312
29.5,31,291,0.10652920962199312
29.6,30,291,0.10309278350515463
29.7,30,291,0.10309278350515463
29.8,30,291,0.10309278350515463
29.9,31,291,0.10652920962199312
30.0,31,291,0.10652920962199312
30.1,31,291,0.10652920962199312
30.2,31,291,0.10652920962199312
30.3,31,291,0.10652920962199312
30.4,31,291,0.10652920962199312
30.5,31,291,0.10652920962199312
30.6,31,291,0.10652920962199312
30.7,31,291,0.10652920962199312
30.8,31,291,0.10652920962199312
30.9,31,291,0.10652920962199312
31.0,31,291,0.10652920962199312
31.1,31,291,0.10652920962199312
31.2,31,291,0.10652920962199312
31.3,31,291,0.10652920962199312
31.4,31,291,0.10652920962199312
31.5,32,291,0.10996563573883161
31.6,32,291,0.10996563573883161
31.7,32,291,0.10996563573883161
31.8,32,291,0.10996563573883161
31.9,32,291,0.10996563573883161
32.0,32,291,0.10996563573883161
32.1,32,291,0.10996563573883161
32.2,32,291,0.10996563573883161
32.3,32,291,0.10996563573883161
32.4,32,291,0.10996563573883161
32.5,32,291,0.10996563573883161
32.6,32,291,0.10996563573883161
32.7,31,291,0.10652920962199312
32.8,31,291,0.10652920962199312
32.9,31,291,0.10652920962199312
33.0,31,291,0.10652920962199312
33.1,31,291,0.10652920962199312
33.2,32,291,0.10996563573883161
33.3,32,291,0.10996563573883161
33.4,32,291,0.10996563573883161
33.5,32,291,0.10996563573883161
33.6,32,291,0.10996563573883161
33.7,32,291,0.10996563573883161
33.8,32,291,0.10996563573883161
33.9,32,291,0.10996563573883161
34.0,32,291,0.10996563573883161
34.1,32,291,0.10996563573883161
34.2,32,291,0.10996563573883161
34.3,32,291,0.10996563573883161
34.4,32,291,0.10996563573883161
34.5,32,291,0.10996563573883161
34.6,32,291,0.10996563573883161
34.7,33,291,0.1134020618556701
34.8,33,291,0.1134020618556701
34.9,33,291,0.1134020618556701
35.0,33,291,0.1134020618556701
35.1,33,291,0.1134020618556701
35.2,33,291,0.1134020618556701
35.3,33,291,0.1134020618556701
35.4,33,291,0.1134020618556701
35.5,33,291,0.1134020618556701
35.6,33,291,0.1134020618556701
35.7,33,291,0.1134020618556701
35.8,33,291,0.1134020618556701
35.9,33,291,0.1134020618556701
36.0,34,291,0.11683848797250859
36.1,35,291,0.12027491408934708
36.2,35,291,0.12027491408934708
36.3,35,291,0.12027491408934708
36.4,35,291,0.12027491408934708
36.5,35,291,0.12027491408934708
36.6,35,291,0.12027491408934708
36.7,35,291,0.12027491408934708
36.8,35,291,0.12027491408934708
36.9,35,291,0.12027491408934708
37.0,35,291,0.12027491408934708
37.1,35,291,0.12027491408934708
37.2,35,291,0.12027491408934708
37.3,35,291,0.12027491408934708
37.4,34,291,0.11683848797250859
37.5,37,291,0.12714776632302405
37.6,37,291,0.12714776632302405
37.7,36,291,0.12371134020618557
37.8,36,291,0.12371134020618557
37.9,36,291,0.12371134020618557
38.0,36,291,0.12371134020618557
38.1,36,291,0.12371134020618557
38.2,36,291,0.12371134020618557
38.3,36,291,0.12371134020618557
38.4,37,291,0.12714776632302405
38.5,37,291,0.12714776632302405
38.6,36,291,0.12371134020618557
38.7,36,291,0.12371134020618557
38.8,36,291,0.12371134020618557
38.9,36,291,0.12371134020618557
39.0,35,291,0.12027491408934708
39.1,35,291,0.12027491408934708
39.2,34,291,0.11683848797250859
39.3,34,291,0.11683848797250859
39.4,34,291,0.11683848797250859
39.5,34,291,0.11683848797250859
39.6,34,291,0.11683848797250859
39.7,34,291,0.11683848797250859
39.8,34,291,0.11683848797250859
39.9,34,291,0.11683848797250859
40.0,35,291,0.12027491408934708
40.1,36,291,0.12371134020618557
40.2,36,291,0.12371134020618557
40.3,37,291,0.12714776632302405
40.4,39,291,0.13402061855670103
40.5,39,291,0.13402061855670103
40.6,39,291,0.13402061855670103
40.7,40,291,0.13745704467353953
40.8,41,291,0.140893470790378
40.9,41,291,0.140893470790378
41.0,41,291,0.140893470790378
41.1,41,291,0.140893470790378
41.2,41,291,0.140893470790378
41.3,40,291,0.13745704467353953
41.4,41,291,0.140893470790378
41.5,41,291,0.140893470790378
41.6,41,291,0.140893470790378
41.7,41,291,0.140893470790378
41.8,41,291,0.140893470790378
41.9,41,291,0.140893470790378
42.0,41,291,0.140893470790378
42.1,41,291,0.140893470790378
42.2,42,291,0.14432989690721648
42.3,42,291,0.14432989690721648
42.4,42,291,0.14432989690721648
42.5,42,291,0.14432989690721648
42.6,42,291,0.14432989690721648
42.7,43,291,0.14776632302405499
42.8,44,291,0.15120274914089346
42.9,44,291,0.15120274914089346
43.0,45,291,0.15463917525773196
43.1,46,291,0.15807560137457044
43.2,48,291,0.16494845360824742
43.3,48,291,0.16494845360824742
43.4,49,291,0.16838487972508592
43.5,48,291,0.16494845360824742
43.6,49,291,0.16838487972508592
43.7,48,291,0.16494845360824742
43.8,49,291,0.16838487972508592
43.9,49,291,0.16838487972508592
44.0,49,291,0.16838487972508592
44.1,50,291,0.1718213058419244
44.2,50,291,0.1718213058419244
44.3,50,291,0.1718213058419244
44.4,50,291,0.1718213058419244
44.5,52,291,0.17869415807560138
44.6,52,291,0.17869415807560138
44.7,53,291,0.18213058419243985
44.8,53,291,0.18213058419243985
44.9,53,291,0.18213058419243985
45.0,54,291,0.18556701030927836
45.1,54,291,0.18556701030927836
45.2,55,291,0.18900343642611683
45.3,55,291,0.18900343642611683
45.4,55,291,0.18900343642611683
45.5,55,291,0.18900343642611683
45.6,55,291,0.18900343642611683
45.7,55,291,0.18900343642611683
45.8,56,291,0.19243986254295534
45.9,56,291,0.19243986254295534
46.0,56,291,0.19243986254295534
46.1,56,291,0.19243986254295534
46.2,56,291,0.19243986254295534
46.3,56,291,0.19243986254295534
46.4,56,291,0.19243986254295534
46.5,56,291,0.19243986254295534
46.6,56,291,0.19243986254295534
46.7,55,291,0.18900343642611683
46.8,56,291,0.19243986254295534
46.9,56,291,0.19243986254295534
47.0,58,291,0.19931271477663232
47.1,58,291,0.19931271477663232
47.2,59,291,0.2027491408934708
47.3,59,291,0.2027491408934708
47.4,61,291,0.20962199312714777
47.5,61,291,0.20962199312714777
47.6,61,291,0.20962199312714777
47.7,64,291,0.21993127147766323
47.8,64,291,0.21993127147766323
47.9,65,291,0.22336769759450173
48.0,65,291,0.22336769759450173
48.1,66,291,0.2268041237113402
48.2,66,291,0.2268041237113402
48.3,66,291,0.2268041237113402
48.4,67,291,0.23024054982817868
48.5,66,291,0.2268041237113402
48.6,65,291,0.22336769759450173
48.7,65,291,0.22336769759450173
48.8,65,291,0.22336769759450173
48.9,67,291,0.23024054982817868
49.0,68,291,0.23367697594501718
49.1,69,291,0.23711340206185566
49.2,69,291,0.23711340206185566
49.3,69,291,0.23711340206185566
49.4,68,291,0.23367697594501718
49.5,69,291,0.23711340206185566
49.6,69,291,0.23711340206185566
49.7,70,291,0.24054982817869416
49.8,70,291,0.24054982817869416
49.9,70,291,0.24054982817869416
50.0,70,291,0.24054982817869416
50.1,70,291,0.24054982817869416
50.2,72,291,0.24742268041237114
50.3,73,291,0.2508591065292096
50.4,73,291,0.2508591065292096
50.5,73,291,0.2508591065292096
50.6,73,291,0.2508591065292096
50.7,73,291,0.2508591065292096
50.8,74,291,0.2542955326460481
50.9,74,291,0.2542955326460481
51.0,74,291,0.2542955326460481
51.1,73,291,0.2508591065292096
51.2,73,291,0.2508591065292096
51.3,74,291,0.2542955326460481
51.4,74,291,0.2542955326460481
51.5,75,291,0.25773195876288657
51.6,75,291,0.25773195876288657
51.7,76,291,0.2611683848797251
51.8,76,291,0.2611683848797251
51.9,76,291,0.2611683848797251
52.0,76,291,0.2611683848797251
52.1,78,291,0.26804123711340205
52.2,79,291,0.27147766323024053
52.3,79,291,0.27147766323024053
52.4,79,291,0.27147766323024053
52.5,79,291,0.27147766323024053
52.6,79,291,0.27147766323024053
52.7,79,291,0.27147766323024053
52.8,81,291,0.27835051546391754
52.9,81,291,0.27835051546391754
53.0,81,291,0.27835051546391754
53.1,81,291,0.27835051546391754
53.2,81,291,0.27835051546391754
53.3,83,291,0.2852233676975945
53.4,83,291,0.2852233676975945
53.5,83,291,0.2852233676975945
53.6,84,291,0.28865979381443296
53.7,84,291,0.28865979381443296
53.8,83,291,0.2852233676975945
53.9,84,291,0.28865979381443296
54.0,85,291,0.2920962199312715
54.1,86,291,0.29553264604810997
54.2,87,291,0.29896907216494845
54.3,87,291,0.29896907216494845
54.4,87,291,0.29896907216494845
54.5,87,291,0.29896907216494845
54.6,87,291,0.29896907216494845
54.7,87,291,0.29896907216494845
54.8,86,291,0.29553264604810997
54.9,86,291,0.29553264604810997
55.0,86,291,0.29553264604810997
55.1,86,291,0.29553264604810997
55.2,87,291,0.29896907216494845
55.3,87,291,0.29896907216494845
55.4,88,291,0.3024054982817869
55.5,88,291,0.3024054982817869
55.6,88,291,0.3024054982817869
55.7,88,291,0.3024054982817869
55.8,88,291,0.3024054982817869
55.9,88,291,0.3024054982817869
56.0,88,291,0.3024054982817869
56.1,89,291,0.30584192439862545
56.2,89,291,0.30584192439862545
56.3,89,291,0.30584192439862545
56.4,90,291,0.30927835051546393
56.5,90,291,0.30927835051546393
56.6,90,291,0.30927835051546393
56.7,90,291,0.30927835051546393
56.8,91,291,0.3127147766323024
56.9,93,291,0.31958762886597936
57.0,93,291,0.31958762886597936
57.1,94,291,0.3230240549828179
57.2,94,291,0.3230240549828179
57.3,96,291,0.32989690721649484
57.4,96,291,0.32989690721649484
57.5,97,291,0.3333333333333333
57.6,97,291,0.3333333333333333
57.7,97,291,0.3333333333333333
57.8,98,291,0.33676975945017185
57.9,98,291,0.33676975945017185
58.0,98,291,0.33676975945017185
58.1,98,291,0.33676975945017185
58.2,98,291,0.33676975945017185
58.3,98,291,0.33676975945017185
58.4,99,291,0.3402061855670103
58.5,100,291,0.3436426116838488
58.6,100,291,0.3436426116838488
58.7,100,291,0.3436426116838488
58.8,101,291,0.3470790378006873
58.9,102,291,0.35051546391752575
59.0,102,291,0.35051546391752575
59.1,102,291,0.35051546391752575
59.2,102,291,0.35051546391752575
59.3,102,291,0.35051546391752575
59.4,102,291,0.35051546391752575
59.5,103,291,0.3539518900343643
59.6,103,291,0.3539518900343643
59.7,104,291,0.35738831615120276
59.8,105,291,0.36082474226804123
59.9,105,291,0.36082474226804123
60.0,106,291,0.3642611683848797
60.1,108,291,0.3711340206185567
60.2,108,291,0.3711340206185567
60.3,108,291,0.3711340206185567
60.4,108,291,0.3711340206185567
60.5,108,291,0.3711340206185567
60.6,108,291,0.3711340206185567
60.7,108,291,0.3711340206185567
60.8,108,291,0.3711340206185567
60.9,108,291,0.3711340206185567
61.0,108,291,0.3711340206185567
61.1,110,291,0.37800687285223367
61.2,111,291,0.38144329896907214
61.3,112,291,0.3848797250859107
61.4,112,291,0.3848797250859107
61.5,114,291,0.3917525773195876
61.6,114,291,0.3917525773195876
61.7,115,291,0.3951890034364261
61.8,115,291,0.3951890034364261
61.9,115,291,0.3951890034364261
62.0,114,291,0.3917525773195876
62.1,113,291,0.38831615120274915
62.2,113,291,0.38831615120274915
62.3,114,291,0.3917525773195876
62.4,115,291,0.3951890034364261
62.5,115,291,0.3951890034364261
62.6,116,291,0.39862542955326463
62.7,117,291,0.4020618556701031
62.8,118,291,0.4054982817869416
62.9,118,291,0.4054982817869416
63.0,120,291,0.41237113402061853
63.1,120,291,0.41237113402061853
63.2,121,291,0.41580756013745707
63.3,121,291,0.41580756013745707
63.4,122,291,0.41924398625429554
63.5,124,291,0.4261168384879725
63.6,124,291,0.4261168384879725
63.7,125,291,0.42955326460481097
63.8,126,291,0.4329896907216495
63.9,126,291,0.4329896907216495
64.0,126,291,0.4329896907216495
64.1,127,291,0.436426116838488
64.2,127,291,0.436426116838488
64.3,127,291,0.436426116838488
64.4,127,291,0.436426116838488
64.5,127,291,0.436426116838488
64.6,127,291,0.436426116838488
64.7,127,291,0.436426116838488
64.8,127,291,0.436426116838488
64.9,129,291,0.44329896907216493
65.0,128,291,0.43986254295532645
65.1,127,291,0.436426116838488
65.2,127,291,0.436426116838488
65.3,127,291,0.436426116838488
65.4,131,291,0.45017182130584193
65.5,131,291,0.45017182130584193
65.6,131,291,0.45017182130584193
65.7,131,291,0.45017182130584193
65.8,133,291,0.4570446735395189
65.9,133,291,0.4570446735395189
66.0,133,291,0.4570446735395189
66.1,134,291,0.46048109965635736
66.2,134,291,0.46048109965635736
66.3,133,291,0.4570446735395189
66.4,133,291,0.4570446735395189
66.5,133,291,0.4570446735395189
66.6,135,291,0.4639175257731959
66.7,135,291,0.4639175257731959
66.8,135,291,0.4639175257731959
66.9,134,291,0.46048109965635736
67.0,134,291,0.46048109965635736
67.1,134,291,0.46048109965635736
67.2,135,291,0.4639175257731959
67.3,136,291,0.46735395189003437
67.4,135,291,0.4639175257731959
67.5,134,291,0.46048109965635736
67.6,134,291,0.46048109965635736
67.7,134,291,0.46048109965635736
67.8,134,291,0.46048109965635736
67.9,135,291,0.4639175257731959
68.0,135,291,0.4639175257731959
68.1,136,291,0.46735395189003437
68.2,137,291,0.47079037800687284
68.3,138,291,0.4742268041237113
68.4,138,291,0.4742268041237113
68.5,138,291,0.4742268041237113
68.6,139,291,0.47766323024054985
68.7,139,291,0.47766323024054985
68.8,140,291,0.48109965635738833
68.9,140,291,0.48109965635738833
69.0,141,291,0.4845360824742268
69.1,141,291,0.4845360824742268
69.2,141,291,0.4845360824742268
69.3,141,291,0.4845360824742268
69.4,142,291,0.4879725085910653
69.5,142,291,0.4879725085910653
69.6,142,291,0.4879725085910653
69.7,142,291,0.4879725085910653
69.8,143,291,0.49140893470790376
69.9,143,291,0.49140893470790376
70.0,142,291,0.4879725085910653
70.1,142,291,0.4879725085910653
70.2,142,291,0.4879725085910653
70.3,142,291,0.4879725085910653
70.4,142,291,0.4879725085910653
70.5,144,291,0.4948453608247423
70.6,145,291,0.49828178694158076
70.7,145,291,0.49828178694158076
70.8,145,291,0.49828178694158076
70.9,145,291,0.49828178694158076
71.0,145,291,0.49828178694158076
71.1,146,291,0.5017182130584192
71.2,146,291,0.5017182130584192
71.3,148,291,0.5085910652920962
71.4,149,291,0.5120274914089347
71.5,149,291,0.5120274914089347
71.6,150,291,0.5154639175257731
71.7,150,291,0.5154639175257731
71.8,151,291,0.5189003436426117
71.9,153,291,0.5257731958762887
72.0,153,291,0.5257731958762887
72.1,153,291,0.5257731958762887
72.2,151,291,0.5189003436426117
72.3,151,291,0.5189003436426117
72.4,151,291,0.5189003436426117
72.5,152,291,0.5223367697594502
72.6,152,291,0.5223367697594502
72.7,151,291,0.5189003436426117
72.8,151,291,0.5189003436426117
72.9,152,291,0.5223367697594502
73.0,152,291,0.5223367697594502
73.1,151,291,0.5189003436426117
73.2,149,291,0.5120274914089347
73.3,148,291,0.5085910652920962
73.4,147,291,0.5051546391752577
73.5,147,291,0.5051546391752577
73.6,146,291,0.5017182130584192
73.7,146,291,0.5017182130584192
73.8,146,291,0.5017182130584192
73.9,146,291,0.5017182130584192
74.0,146,291,0.5017182130584192
74.1,145,291,0.49828178694158076
74.2,145,291,0.49828178694158076
74.3,146,291,0.5017182130584192
74.4,146,291,0.5017182130584192
74.5,144,291,0.4948453608247423
74.6,144,291,0.4948453608247423
74.7,143,291,0.49140893470790376
74.8,144,291,0.4948453608247423
74.9,146,291,0.5017182130584192
75.0,147,291,0.5051546391752577
75.1,147,291,0.5051546391752577
75.2,147,291,0.5051546391752577
75.3,146,291,0.5017182130584192
75.4,146,291,0.5017182130584192
75.5,146,291,0.5017182130584192
75.6,146,291,0.5017182130584192
75.7,146,291,0.5017182130584192
75.8,147,291,0.5051546391752577
75.9,149,291,0.5120274914089347
76.0,149,291,0.5120274914089347
76.1,149,291,0.5120274914089347
76.2,149,291,0.5120274914089347
76.3,149,291,0.5120274914089347
76.4,150,291,0.5154639175257731
76.5,149,291,0.5120274914089347
76.6,150,291,0.5154639175257731
76.7,150,291,0.5154639175257731
76.8,149,291,0.5120274914089347
76.9,150,291,0.5154639175257731
77.0,150,291,0.5154639175257731
77.1,149,291,0.5120274914089347
77.2,147,291,0.5051546391752577
77.3,146,291,0.5017182130584192
77.4,143,291,0.49140893470790376
77.5,144,291,0.4948453608247423
77.6,145,291,0.49828178694158076
77.7,144,291,0.4948453608247423
77.8,142,291,0.4879725085910653
77.9,141,291,0.4845360824742268
78.0,141,291,0.4845360824742268
78.1,141,291,0.4845360824742268
78.2,141,291,0.4845360824742268
78.3,141,291,0.4845360824742268
78.4,139,291,0.47766323024054985
78.5,139,291,0.47766323024054985
78.6,140,291,0.48109965635738833
78.7,140,291,0.48109965635738833
78.8,140,291,0.48109965635738833
78.9,140,291,0.48109965635738833
79.0,140,291,0.48109965635738833
79.1,139,291,0.47766323024054985
79.2,139,291,0.47766323024054985
79.3,140,291,0.48109965635738833
79.4,140,291,0.48109965635738833
79.5,139,291,0.47766323024054985
79.6,140,291,0.48109965635738833
79.7,140,291,0.48109965635738833
79.8,139,291,0.47766323024054985
79.9,139,291,0.47766323024054985
80.0,138,291,0.4742268041237113
80.1,138,291,0.4742268041237113
80.2,137,291,0.47079037800687284
80.3,137,291,0.47079037800687284
80.4,137,291,0.47079037800687284
80.5,137,291,0.47079037800687284
80.6,137,291,0.47079037800687284
80.7,138,291,0.4742268041237113
80.8,136,291,0.46735395189003437
80.9,137,291,0.47079037800687284
81.0,137,291,0.47079037800687284
81.1,137,291,0.47079037800687284
81.2,137,291,0.47079037800687284
81.3,137,291,0.47079037800687284
81.4,136,291,0.46735395189003437
81.5,135,291,0.4639175257731959
81.6,135,291,0.4639175257731959
81.7,134,291,0.46048109965635736
81.8,135,291,0.4639175257731959
81.9,134,291,0.46048109965635736
82.0,133,291,0.4570446735395189
82.1,134,291,0.46048109965635736
82.2,133,291,0.4570446735395189
82.3,133,291,0.4570446735395189
82.4,133,291,0.4570446735395189
82.5,133,291,0.4570446735395189
82.6,134,291,0.46048109965635736
82.7,135,291,0.4639175257731959
82.8,134,291,0.46048109965635736
82.9,134,291,0.46048109965635736
83.0,134,291,0.46048109965635736
83.1,134,291,0.46048109965635736
83.2,134,291,0.46048109965635736
83.3,132,291,0.4536082474226804
83.4,133,291,0.4570446735395189
83.5,133,291,0.4570446735395189
83.6,133,291,0.4570446735395189
83.7,135,291,0.4639175257731959
83.8,136,291,0.46735395189003437
83.9,135,291,0.4639175257731959
84.0,133,291,0.4570446735395189
84.1,132,291,0.4536082474226804
84.2,131,291,0.45017182130584193
84.3,131,291,0.45017182130584193
84.4,131,291,0.45017182130584193
84.5,131,291,0.45017182130584193
84.6,131,291,0.45017182130584193
84.7,129,291,0.44329896907216493
84.8,129,291,0.44329896907216493
84.9,129,291,0.44329896907216493
85.0,130,291,0.44673539518900346
85.1,130,291,0.44673539518900346
85.2,127,291,0.436426116838488
85.3,127,291,0.436426116838488
85.4,126,291,0.4329896907216495
85.5,126,291,0.4329896907216495
85.6,126,291,0.4329896907216495
85.7,127,291,0.436426116838488
85.8,127,291,0.436426116838488
85.9,125,291,0.42955326460481097
86.0,125,291,0.42955326460481097
86.1,124,291,0.4261168384879725
86.2,124,291,0.4261168384879725
86.3,124,291,0.4261168384879725
86.4,124,291,0.4261168384879725
86.5,124,291,0.4261168384879725
86.6,124,291,0.4261168384879725
86.7,124,291,0.4261168384879725
86.8,123,291,0.422680412371134
86.9,121,291,0.41580756013745707
87.0,122,291,0.41924398625429554
87.1,121,291,0.41580756013745707
87.2,120,291,0.41237113402061853
87.3,118,291,0.4054982817869416
87.4,117,291,0.4020618556701031
87.5,116,291,0.39862542955326463
87.6,116,291,0.39862542955326463
87.7,116,291,0.39862542955326463
87.8,116,291,0.39862542955326463
87.9,116,291,0.39862542955326463
88.0,116,291,0.39862542955326463
88.1,116,291,0.39862542955326463
88.2,117,291,0.4020618556701031
88.3,117,291,0.4020618556701031
88.4,117,291,0.4020618556701031
88.5,116,291,0.39862542955326463
88.6,116,291,0.39862542955326463
88.7,116,291,0.39862542955326463
88.8,116,291,0.39862542955326463
88.9,116,291,0.39862542955326463
89.0,116,291,0.39862542955326463
89.1,116,291,0.39862542955326463
89.2,116,291,0.39862542955326463
89.3,117,291,0.4020618556701031
89.4,118,291,0.4054982817869416
89.5,117,291,0.4020618556701031
89.6,117,291,0.4020618556701031
89.7,117,291,0.4020618556701031
89.8,116,291,0.39862542955326463
89.9,116,291,0.39862542955326463
90.0,115,291,0.3951890034364261
90.1,114,291,0.3917525773195876
90.2,114,291,0.3917525773195876
90.3,115,291,0.3951890034364261
90.4,116,291,0.39862542955326463
90.5,116,291,0.39862542955326463
90.6,116,291,0.39862542955326463
90.7,117,291,0.4020618556701031
90.8,117,291,0.4020618556701031
90.9,117,291,0.4020618556701031
91.0,116,291,0.39862542955326463
91.1,113,291,0.38831615120274915
91.2,112,291,0.3848797250859107
91.3,111,291,0.38144329896907214
91.4,111,291,0.38144329896907214
91.5,110,291,0.37800687285223367
91.6,111,291,0.38144329896907214
91.7,110,291,0.37800687285223367
91.8,110,291,0.37800687285223367
91.9,110,291,0.37800687285223367
92.0,110,291,0.37800687285223367
92.1,110,291,0.37800687285223367
92.2,110,291,0.37800687285223367
92.3,110,291,0.37800687285223367
92.4,110,291,0.37800687285223367
92.5,110,291,0.37800687285223367
92.6,109,291,0.3745704467353952
92.7,109,291,0.3745704467353952
92.8,109,291,0.3745704467353952
92.9,109,291,0.3745704467353952
93.0,107,291,0.36769759450171824
93.1,107,291,0.36769759450171824
93.2,106,291,0.3642611683848797
93.3,105,291,0.36082474226804123
93.4,104,291,0.35738831615120276
93.5,101,291,0.3470790378006873
93.6,101,291,0.3470790378006873
93.7,100,291,0.3436426116838488
93.8,98,291,0.33676975945017185
93.9,99,291,0.3402061855670103
94.0,99,291,0.3402061855670103
94.1,99,291,0.3402061855670103
94.2,99,291,0.3402061855670103
94.3,98,291,0.33676975945017185
94.4,98,291,0.33676975945017185
94.5,98,291,0.33676975945017185
94.6,98,291,0.33676975945017185
94.7,98,291,0.33676975945017185
94.8,99,291,0.3402061855670103
94.9,99,291,0.3402061855670103
95.0,100,291,0.3436426116838488
95.1,100,291,0.3436426116838488
95.2,101,291,0.3470790378006873
95.3,101,291,0.3470790378006873
95.4,98,291,0.33676975945017185
95.5,98,291,0.33676975945017185
95.6,98,291,0.33676975945017185
95.7,98,291,0.33676975945017185
95.8,97,291,0.3333333333333333
95.9,96,291,0.32989690721649484
96.0,96,291,0.32989690721649484
96.1,95,291,0.32646048109965636
96.2,95,291,0.32646048109965636
96.3,95,291,0.32646048109965636
96.4,95,291,0.32646048109965636
96.5,95,291,0.32646048109965636
96.6,94,291,0.3230240549828179
96.7,93,291,0.31958762886597936
96.8,93,291,0.31958762886597936
96.9,93,291,0.31958762886597936
97.0,92,291,0.3161512027491409
97.1,91,291,0.3127147766323024
97.2,90,291,0.30927835051546393
97.3,89,291,0.30584192439862545
97.4,90,291,0.30927835051546393
97.5,89,291,0.30584192439862545
97.6,89,291,0.30584192439862545
97.7,89,291,0.30584192439862545
97.8,88,291,0.3024054982817869
97.9,88,291,0.3024054982817869
98.0,89,291,0.30584192439862545
98.1,89,291,0.30584192439862545
98.2,88,291,0.3024054982817869
98.3,88,291,0.3024054982817869
98.4,88,291,0.3024054982817869
98.5,87,291,0.29896907216494845
98.6,86,291,0.29553264604810997
98.7,86,291,0.29553264604810997
98.8,85,291,0.2920962199312715
98.9,85,291,0.2920962199312715
99.0,84,291,0.28865979381443296
99.1,84,291,0.28865979381443296
99.2,85,291,0.2920962199312715
99.3,84,291,0.28865979381443296
99.4,82,291,0.281786941580756
99.5,82,291,0.281786941580756
99.6,81,291,0.27835051546391754
99.7,81,291,0.27835051546391754
99.8,79,291,0.27147766323024053
99.9,78,291,0.26804123711340205
100.0,78,291,0.26804123711340205
100.1,79,291,0.27147766323024053
100.2,79,291,0.27147766323024053
100.3,80,291,0.27491408934707906
100.4,79,291,0.27147766323024053
100.5,77,291,0.2646048109965636
100.6,75,291,0.25773195876288657
100.7,75,291,0.25773195876288657
100.8,75,291,0.25773195876288657
100.9,74,291,0.2542955326460481
101.0,74,291,0.2542955326460481
101.1,72,291,0.24742268041237114
101.2,72,291,0.24742268041237114
101.3,72,291,0.24742268041237114
101.4,73,291,0.2508591065292096
101.5,73,291,0.2508591065292096
101.6,74,291,0.2542955326460481
101.7,73,291,0.2508591065292096
101.8,72,291,0.24742268041237114
101.9,70,291,0.24054982817869416
102.0,70,291,0.24054982817869416
102.1,70,291,0.24054982817869416
102.2,70,291,0.24054982817869416
102.3,70,291,0.24054982817869416
102.4,68,291,0.23367697594501718
102.5,68,291,0.23367697594501718
102.6,68,291,0.23367697594501718
102.7,68,291,0.23367697594501718
102.8,68,291,0.23367697594501718
102.9,67,291,0.23024054982817868
103.0,66,291,0.2268041237113402
103.1,64,291,0.21993127147766323
103.2,64,291,0.21993127147766323
103.3,64,291,0.21993127147766323
103.4,64,291,0.21993127147766323
103.5,64,291,0.21993127147766323
103.6,63,291,0.21649484536082475
103.7,63,291,0.21649484536082475
103.8,63,291,0.21649484536082475
103.9,63,291,0.21649484536082475
104.0,61,291,0.20962199312714777
104.1,61,291,0.20962199312714777
104.2,61,291,0.20962199312714777
104.3,61,291,0.20962199312714777
104.4,62,291,0.21305841924398625
104.5,62,291,0.21305841924398625
104.6,63,291,0.21649484536082475
104.7,63,291,0.21649484536082475
104.8,62,291,0.21305841924398625
104.9,61,291,0.20962199312714777
105.0,61,291,0.20962199312714777
105.1,61,291,0.20962199312714777
105.2,61,291,0.20962199312714777
105.3,61,291,0.20962199312714777
105.4,62,291,0.21305841924398625
105.5,62,291,0.21305841924398625
105.6,62,291,0.21305841924398625
105.7,61,291,0.20962199312714777
105.8,61,291,0.20962199312714777
105.9,60,291,0.20618556701030927
106.0,60,291,0.20618556701030927
106.1,60,291,0.20618556701030927
106.2,60,291,0.20618556701030927
106.3,60,291,0.20618556701030927
106.4,59,291,0.2027491408934708
106.5,59,291,0.2027491408934708
106.6,59,291,0.2027491408934708
106.7,59,291,0.2027491408934708
106.8,59,291,0.2027491408934708
106.9,58,291,0.19931271477663232
107.0,57,291,0.1958762886597938
107.1,56,291,0.19243986254295534
107.2,55,291,0.18900343642611683
107.3,55,291,0.18900343642611683
107.4,55,291,0.18900343642611683
107.5,55,291,0.18900343642611683
107.6,55,291,0.18900343642611683
107.7,54,291,0.18556701030927836
107.8,54,291,0.18556701030927836
107.9,56,291,0.19243986254295534
108.0,56,291,0.19243986254295534
108.1,56,291,0.19243986254295534
108.2,56,291,0.19243986254295534
108.3,55,291,0.18900343642611683
108.4,54,291,0.18556701030927836
108.5,54,291,0.18556701030927836
108.6,53,291,0.18213058419243985
108.7,53,291,0.18213058419243985
108.8,52,291,0.17869415807560138
108.9,51,291,0.17525773195876287
109.0,51,291,0.17525773195876287
109.1,51,291,0.17525773195876287
109.2,51,291,0.17525773195876287
109.3,51,291,0.17525773195876287
109.4,51,291,0.17525773195876287
109.5,50,291,0.1718213058419244
109.6,49,291,0.16838487972508592
109.7,47,291,0.16151202749140894
109.8,46,291,0.15807560137457044
109.9,46,291,0.15807560137457044
110.0,47,291,0.16151202749140894
110.1,47,291,0.16151202749140894
110.2,46,291,0.15807560137457044
110.3,46,291,0.15807560137457044
110.4,46,291,0.15807560137457044
110.5,47,291,0.16151202749140894
110.6,47,291,0.16151202749140894
110.7,47,291,0.16151202749140894
110.8,47,291,0.16151202749140894
110.9,48,291,0.16494845360824742
111.0,48,291,0.16494845360824742
111.1,47,291,0.16151202749140894
111.2,47,291,0.16151202749140894
111.3,47,291,0.16151202749140894
111.4,47,291,0.16151202749140894
111.5,46,291,0.15807560137457044
111.6,46,291,0.15807560137457044
111.7,47,291,0.16151202749140894
111.8,47,291,0.16151202749140894
111.9,47,291,0.16151202749140894
112.0,46,291,0.15807560137457044
112.1,45,291,0.15463917525773196
112.2,46,291,0.15807560137457044
112.3,46,291,0.15807560137457044
112.4,46,291,0.15807560137457044
112.5,46,291,0.15807560137457044
112.6,45,291,0.15463917525773196
112.7,44,291,0.15120274914089346
112.8,43,291,0.14776632302405499
112.9,42,291,0.14432989690721648
113.0,44,291,0.15120274914089346
113.1,44,291,0.15120274914089346
113.2,44,291,0.15120274914089346
113.3,44,291,0.15120274914089346
113.4,44,291,0.15120274914089346
113.5,44,291,0.15120274914089346
113.6,43,291,0.14776632302405499
113.7,42,291,0.14432989690721648
113.8,42,291,0.14432989690721648
113.9,42,291,0.14432989690721648
114.0,42,291,0.14432989690721648
114.1,43,291,0.14776632302405499
114.2,43,291,0.14776632302405499
114.3,44,291,0.15120274914089346
114.4,43,291,0.14776632302405499
114.5,42,291,0.14432989690721648
114.6,42,291,0.14432989690721648
114.7,42,291,0.14432989690721648
114.8,43,291,0.14776632302405499
114.9,43,291,0.14776632302405499
115.0,43,291,0.14776632302405499
115.1,43,291,0.14776632302405499
115.2,43,291,0.14776632302405499
115.3,43,291,0.14776632302405499
115.4,43,291,0.14776632302405499
115.5,43,291,0.14776632302405499
115.6,43,291,0.14776632302405499
115.7,43,291,0.14776632302405499
115.8,43,291,0.14776632302405499
115.9,43,291,0.14776632302405499
116.0,43,291,0.14776632302405499
116.1,43,291,0.14776632302405499
116.2,43,291,0.14776632302405499
116.3,42,291,0.14432989690721648
116.4,42,291,0.14432989690721648
116.5,42,291,0.14432989690721648
116.6,41,291,0.140893470790378
116.7,41,291,0.140893470790378
116.8,42,291,0.14432989690721648
116.9,42,291,0.14432989690721648
117.0,42,291,0.14432989690721648
117.1,42,291,0.14432989690721648
117.2,42,291,0.14432989690721648
117.3,42,291,0.14432989690721648
117.4,42,291,0.14432989690721648
117.5,42,291,0.14432989690721648
117.6,42,291,0.14432989690721648
117.7,41,291,0.140893470790378
117.8,41,291,0.140893470790378
117.9,41,291,0.140893470790378
118.0,41,291,0.140893470790378
118.1,41,291,0.140893470790378
118.2,41,291,0.140893470790378
118.3,41,291,0.140893470790378
118.4,41,291,0.140893470790378
118.5,41,291,0.140893470790378
118.6,41,291,0.140893470790378
118.7,41,291,0.140893470790378
118.8,40,291,0.13745704467353953
118.9,40,291,0.13745704467353953
119.0,40,291,0.13745704467353953
119.1,40,291,0.13745704467353953
119.2,40,291,0.13745704467353953
119.3,39,291,0.13402061855670103
119.4,39,291,0.13402061855670103
119.5,39,291,0.13402061855670103
119.6,40,291,0.13745704467353953
119.7,40,291,0.13745704467353953
119.8,41,291,0.140893470790378
119.9,41,291,0.140893470790378
120.0,41,291,0.140893470790378
120.1,41,291,0.140893470790378
120.2,41,291,0.140893470790378
120.3,41,291,0.140893470790378
120.4,40,291,0.13745704467353953
120.5,40,291,0.13745704467353953
120.6,41,291,0.140893470790378
120.7,40,291,0.13745704467353953
120.8,40,291,0.13745704467353953
120.9,40,291,0.13745704467353953
121.0,40,291,0.13745704467353953
121.1,40,291,0.13745704467353953
121.2,40,291,0.13745704467353953
121.3,40,291,0.13745704467353953
121.4,39,291,0.13402061855670103
121.5,39,291,0.13402061855670103
121.6,39,291,0.13402061855670103
121.7,39,291,0.13402061855670103
121.8,39,291,0.13402061855670103
121.9,39,291,0.13402061855670103
122.0,39,291,0.13402061855670103
122.1,39,291,0.13402061855670103
122.2,39,291,0.13402061855670103
122.3,39,291,0.13402061855670103
122.4,39,291,0.13402061855670103
122.5,39,291,0.13402061855670103
122.6,39,291,0.13402061855670103
122.7,38,291,0.13058419243986255
122.8,38,291,0.13058419243986255
122.9,38,291,0.13058419243986255
123.0,38,291,0.13058419243986255
123.1,39,291,0.13402061855670103
123.2,40,291,0.13745704467353953
123.3,40,291,0.13745704467353953
123.4,40,291,0.13745704467353953
123.5,40,291,0.13745704467353953
123.6,40,291,0.13745704467353953
123.7,40,291,0.13745704467353953
123.8,40,291,0.13745704467353953
123.9,39,291,0.13402061855670103
124.0,39,291,0.13402061855670103
124.1,39,291,0.13402061855670103
124.2,40,291,0.13745704467353953
124.3,40,291,0.13745704467353953
124.4,42,291,0.14432989690721648
124.5,42,291,0.14432989690721648
124.6,42,291,0.14432989690721648
124.7,42,291,0.14432989690721648
124.8,41,291,0.140893470790378
124.9,41,291,0.140893470790378
125.0,40,291,0.13745704467353953
125.1,40,291,0.13745704467353953
125.2,39,291,0.13402061855670103
125.3,39,291,0.13402061855670103
125.4,39,291,0.13402061855670103
125.5,39,291,0.13402061855670103
125.6,39,291,0.13402061855670103
125.7,39,291,0.13402061855670103
125.8,39,291,0.13402061855670103
125.9,39,291,0.13402061855670103
126.0,39,291,0.13402061855670103
126.1,39,291,0.13402061855670103
126.2,39,291,0.13402061855670103
126.3,39,291,0.13402061855670103
126.4,39,291,0.13402061855670103
126.5,39,291,0.13402061855670103
126.6,39,291,0.13402061855670103
126.7,39,291,0.13402061855670103
126.8,39,291,0.13402061855670103
126.9,39,291,0.13402061855670103
127.0,39,291,0.13402061855670103
127.1,39,291,0.13402061855670103
127.2,39,291,0.13402061855670103
127.3,40,291,0.13745704467353953
127.4,38,291,0.13058419243986255
127.5,38,291,0.13058419243986255
127.6,38,291,0.13058419243986255
127.7,38,291,0.13058419243986255
127.8,38,291,0.13058419243986255
127.9,38,291,0.13058419243986255
