event_id,vehicle_id,semantic_id,entry_edge,exit_edge,calibration_iteration,matched_entry_residual_seconds,previous_adjustment_seconds,departure_adjustment_seconds,adjustment_clipped
event_000002,lv_0001,1,N2J,J2E,1,99.49,0.0,-99.49,False
event_000003,lv_0002,2,N2J,J2E,1,0.04,0.0,-0.04,False
event_000004,lv_0003,3,E2J,J2N,1,0.12,0.0,-0.12,False
event_000005,lv_0004,4,W2J,J2E,1,0.1,0.0,-0.1,False
event_000008,lv_0007,7,E2J,J2N,1,2.09,0.0,-2.09,False
event_000009,lv_0008,8,N2J,J2E,1,94.43,0.0,-94.43,False
event_000010,lv_0010,10,N2J,J2S,1,0.03,0.0,-0.03,False
event_000011,lv_0011,11,N2J,J2S,1,0.02,0.0,-0.02,False
event_000013,lv_0016,16,E2J,J2W,1,0.09,0.0,-0.09,False
event_000022,lv_0030,30,N2J,J2S,1,58.16,0.0,-58.16,False
event_000023,lv_0031,31,N2J,J2S,1,35.41,0.0,-35.41,False
event_000024,lv_0032,32,E2J,J2W,1,0.1,0.0,-0.1,False
event_000025,lv_0033,33,E2J,J2W,1,0.28,0.0,-0.28,False
event_000026,lv_0034,34,E2J,J2W,1,0.69,0.0,-0.69,False
event_000028,lv_0036,36,N2J,J2S,1,38.43,0.0,-38.43,False
event_000029,lv_0037,37,W2J,J2E,1,0.14,0.0,-0.14,False
event_000031,lv_0039,39,E2J,J2W,1,0.02,0.0,-0.02,False
event_000032,lv_0040,40,N2J,J2S,1,39.74,0.0,-39.74,False
event_000033,lv_0041,41,W2J,J2E,1,0.05,0.0,-0.05,False
event_000034,lv_0042,42,E2J,J2N,1,0.31,0.0,-0.31,False
event_000036,lv_0045,45,W2J,J2E,1,0.16,0.0,-0.16,False
event_000037,lv_0047,47,E2J,J2W,1,0.23,0.0,-0.23,False
event_000038,lv_0048,48,E2J,J2W,1,1.36,0.0,-1.36,False
event_000040,lv_0051,51,E2J,J2W,1,100.05,0.0,-100.05,False
event_000042,lv_0054,54,S2J,J2W,1,0.08,0.0,-0.08,False
event_000043,lv_0055,55,N2J,J2S,1,22.23,0.0,-22.23,False
event_000044,lv_0056,56,N2J,J2W,1,26.26,0.0,-26.26,False
event_000045,lv_0057,57,W2J,J2E,1,80.41,0.0,-80.41,False
event_000046,lv_0058,58,E2J,J2W,1,0.1,0.0,-0.1,False
event_000047,lv_0059,59,W2J,J2E,1,0.16,0.0,-0.16,False
event_000049,lv_0061,61,W2J,J2E,1,52.38,0.0,-52.38,False
event_000050,lv_0062,62,E2J,J2S,1,0.1,0.0,-0.1,False
event_000052,lv_0066,66,E2J,J2S,1,102.94,0.0,-102.94,False
event_000053,lv_0067,67,E2J,J2W,1,0.13,0.0,-0.13,False
event_000054,lv_0069,69,N2J,J2S,1,2.91,0.0,-2.91,False
event_000055,lv_0070,70,N2J,J2S,1,0.06,0.0,-0.06,False
event_000056,lv_0071,71,E2J,J2S,1,100.77,0.0,-100.77,False
event_000057,lv_0073,73,N2J,J2S,1,0.21,0.0,-0.21,False
event_000058,lv_0074,74,N2J,J2S,1,1.43,0.0,-1.43,False
event_000059,lv_0075,75,E2J,J2W,1,73.92,0.0,-73.92,False
event_000062,lv_0078,78,E2J,J2W,1,80.39,0.0,-80.39,False
event_000063,lv_0080,80,E2J,J2N,1,62.77,0.0,-62.77,False
event_000065,lv_0089,89,N2J,J2S,1,0.1,0.0,-0.1,False
event_000072,lv_0106,106,N2J,J2S,1,0.03,0.0,-0.03,False
event_000073,lv_0109,109,E2J,J2N,1,49.84,0.0,-49.84,False
event_000075,lv_0112,112,N2J,J2S,1,98.33,0.0,-98.33,False
event_000078,lv_0118,118,S2J,J2E,1,0.11,0.0,-0.11,False
event_000080,lv_0124,124,S2J,J2N,1,0.06,0.0,-0.06,False
event_000081,lv_0125,125,S2J,J2N,1,0.07,0.0,-0.07,False
event_000083,lv_0129,129,N2J,J2S,1,100.93,0.0,-100.93,False
event_000084,lv_0130,130,N2J,J2S,1,97.68,0.0,-97.68,False
event_000085,lv_0132,132,S2J,J2N,1,0.1,0.0,-0.1,False
event_000086,lv_0133,133,S2J,J2N,1,0.05,0.0,-0.05,False
event_000087,lv_0136,136,N2J,J2S,1,0.17,0.0,-0.17,False
event_000088,lv_0137,137,N2J,J2S,1,99.29,0.0,-99.29,False
event_000089,lv_0138,138,N2J,J2S,1,102.24,0.0,-102.24,False
event_000091,lv_0141,141,N2J,J2S,1,99.31,0.0,-99.31,False
event_000092,lv_0142,142,N2J,J2S,1,95.49,0.0,-95.49,False
event_000093,lv_0143,143,N2J,J2S,1,96.21,0.0,-96.21,False
event_000095,lv_0146,146,N2J,J2S,1,83.11,0.0,-83.11,False
event_000096,lv_0147,147,W2J,J2E,1,0.06,0.0,-0.06,False
event_000097,lv_0148,148,N2J,J2S,1,83.41,0.0,-83.41,False
event_000098,lv_0149,149,N2J,J2S,1,73.12,0.0,-73.12,False
event_000099,lv_0150,150,S2J,J2N,1,0.1,0.0,-0.1,False
event_000100,lv_0152,152,S2J,J2N,1,0.11,0.0,-0.11,False
event_000101,lv_0154,154,N2J,J2S,1,81.97,0.0,-81.97,False
event_000103,lv_0156,156,S2J,J2N,1,0.04,0.0,-0.04,False
event_000104,lv_0158,158,S2J,J2E,1,69.79,0.0,-69.79,False
event_000107,lv_0163,163,N2J,J2S,1,71.63,0.0,-71.63,False
event_000109,lv_0165,165,N2J,J2S,1,70.58,0.0,-70.58,False
event_000110,lv_0167,167,E2J,J2N,1,10.85,0.0,-10.85,False
event_000111,lv_0168,168,E2J,J2N,1,10.91,0.0,-10.91,False
event_000113,lv_0170,170,E2J,J2W,1,0.31,0.0,-0.31,False
event_000114,lv_0172,172,S2J,J2N,1,67.06,0.0,-67.06,False
event_000115,lv_0173,173,E2J,J2W,1,1.39,0.0,-1.39,False
event_000118,lv_0176,176,S2J,J2N,1,2.48,0.0,-2.48,False
event_000121,lv_0179,179,S2J,J2N,1,57.38,0.0,-57.38,False
event_000123,lv_0182,182,N2J,J2E,1,0.11,0.0,-0.11,False
event_000124,lv_0185,185,S2J,J2N,1,3.33,0.0,-3.33,False
event_000126,lv_0189,189,W2J,J2E,1,0.14,0.0,-0.14,False
event_000127,lv_0191,191,E2J,J2W,1,0.36,0.0,-0.36,False
event_000128,lv_0195,195,E2J,J2W,1,13.36,0.0,-13.36,False
event_000129,lv_0196,196,W2J,J2E,1,0.12,0.0,-0.12,False
event_000130,lv_0197,197,W2J,J2E,1,93.57,0.0,-93.57,False
event_000131,lv_0199,199,N2J,J2S,1,52.11,0.0,-52.11,False
event_000132,lv_0200,200,W2J,J2E,1,96.06,0.0,-96.06,False
event_000134,lv_0205,205,N2J,J2S,1,40.33,0.0,-40.33,False
event_000136,lv_0207,207,E2J,J2N,1,0.08,0.0,-0.08,False
event_000138,lv_0210,210,E2J,J2W,1,1.19,0.0,-1.19,False
event_000139,lv_0211,211,S2J,J2E,1,38.16,0.0,-38.16,False
event_000140,lv_0212,212,S2J,J2E,1,38.21,0.0,-38.21,False
event_000141,lv_0214,214,N2J,J2S,1,10.56,0.0,-10.56,False
event_000143,lv_0216,216,N2J,J2S,1,31.71,0.0,-31.71,False
event_000144,lv_0217,217,S2J,J2N,1,38.98,0.0,-38.98,False
event_000145,lv_0220,220,E2J,J2W,1,0.01,0.0,-0.01,False
event_000146,lv_0222,222,N2J,J2W,1,15.27,0.0,-15.27,False
event_000148,lv_0224,224,N2J,J2E,1,0.1,0.0,-0.1,False
event_000149,lv_0226,226,E2J,J2S,1,0.12,0.0,-0.12,False
event_000151,lv_0230,230,W2J,J2N,1,0.13,0.0,-0.13,False
event_000152,lv_0231,231,N2J,J2S,1,18.12,0.0,-18.12,False
event_000153,lv_0234,234,E2J,J2S,1,108.74,0.0,-108.74,False
event_000154,lv_0236,236,E2J,J2W,1,72.28,0.0,-72.28,False
event_000155,lv_0238,238,W2J,J2E,1,62.71,0.0,-62.71,False
event_000156,lv_0240,240,W2J,J2N,1,103.05,0.0,-103.05,False
event_000157,lv_0243,243,N2J,J2E,1,0.11,0.0,-0.11,False
event_000158,lv_0244,244,W2J,J2N,1,101.71,0.0,-101.71,False
event_000160,lv_0247,247,S2J,J2N,1,20.73,0.0,-20.73,False
event_000161,lv_0249,249,N2J,J2S,1,7.4,0.0,-7.4,False
event_000162,lv_0250,250,N2J,J2E,1,0.1,0.0,-0.1,False
event_000163,lv_0251,251,E2J,J2W,1,0.16,0.0,-0.16,False
event_000164,lv_0252,252,S2J,J2N,1,2.08,0.0,-2.08,False
event_000165,lv_0253,253,N2J,J2S,1,8.07,0.0,-8.07,False
event_000169,lv_0260,260,N2J,J2S,1,7.66,0.0,-7.66,False
event_000170,lv_0264,264,S2J,J2N,1,7.82,0.0,-7.82,False
event_000173,lv_0268,268,N2J,J2S,1,3.17,0.0,-3.17,False
event_000176,lv_0271,271,S2J,J2N,1,3.23,0.0,-3.23,False
event_000177,lv_0272,272,N2J,J2S,1,92.85,0.0,-92.85,False
event_000178,lv_0278,278,E2J,J2W,1,57.93,0.0,-57.93,False
event_000179,lv_0281,281,S2J,J2N,1,0.03,0.0,-0.03,False
event_000181,lv_0284,284,N2J,J2S,1,86.83,0.0,-86.83,False
event_000182,lv_0286,286,S2J,J2E,1,0.08,0.0,-0.08,False
event_000183,lv_0288,288,N2J,J2S,1,0.05,0.0,-0.05,False
event_000184,lv_0290,290,S2J,J2N,1,1.59,0.0,-1.59,False
event_000186,lv_0295,295,S2J,J2W,1,0.02,0.0,-0.02,False
event_000189,lv_0301,301,S2J,J2N,1,80.52,0.0,-80.52,False
event_000190,lv_0302,302,S2J,J2E,1,78.78,0.0,-78.78,False
event_000192,lv_0304,304,S2J,J2W,1,0.08,0.0,-0.08,False
event_000195,lv_0307,307,S2J,J2N,1,82.43,0.0,-82.43,False
event_000196,lv_0308,308,E2J,J2W,1,37.58,0.0,-37.58,False
event_000198,lv_0311,311,E2J,J2W,1,38.66,0.0,-38.66,False
event_000199,lv_0313,313,S2J,J2E,1,66.27,0.0,-66.27,False
event_000200,lv_0315,315,S2J,J2N,1,6.11,0.0,-6.11,False
event_000201,lv_0316,316,E2J,J2W,1,0.27,0.0,-0.27,False
event_000203,lv_0318,318,S2J,J2N,1,0.42,0.0,-0.42,False
event_000204,lv_0319,319,E2J,J2W,1,6.8,0.0,-6.8,False
event_000205,lv_0321,321,E2J,J2W,1,0.2,0.0,-0.2,False
event_000206,lv_0322,322,S2J,J2N,1,4.01,0.0,-4.01,False
event_000207,lv_0323,323,E2J,J2W,1,0.34,0.0,-0.34,False
event_000208,lv_0324,324,E2J,J2W,1,4.71,0.0,-4.71,False
event_000209,lv_0326,326,E2J,J2N,1,5.62,0.0,-5.62,False
event_000213,lv_0333,333,E2J,J2W,1,0.34,0.0,-0.34,False
event_000214,lv_0336,336,E2J,J2N,1,5.48,0.0,-5.48,False
event_000215,lv_0337,337,S2J,J2N,1,0.81,0.0,-0.81,False
event_000216,lv_0338,338,W2J,J2E,1,0.02,0.0,-0.02,False
event_000217,lv_0339,339,E2J,J2N,1,5.82,0.0,-5.82,False
event_000218,lv_0340,340,E2J,J2W,1,7.34,0.0,-7.34,False
event_000219,lv_0341,341,S2J,J2N,1,58.77,0.0,-58.77,False
event_000220,lv_0342,342,E2J,J2N,1,6.59,0.0,-6.59,False
event_000221,lv_0343,343,N2J,J2E,1,64.29,0.0,-64.29,False
event_000222,lv_0344,344,W2J,J2E,1,0.13,0.0,-0.13,False
event_000224,lv_0346,346,S2J,J2N,1,56.62,0.0,-56.62,False
event_000226,lv_0348,348,N2J,J2E,1,0.01,0.0,-0.01,False
event_000230,lv_0359,359,N2J,J2S,1,14.29,0.0,-14.29,False
event_000231,lv_0360,360,N2J,J2S,1,5.11,0.0,-5.11,False
event_000232,lv_0362,362,N2J,J2S,1,14.18,0.0,-14.18,False
event_000233,lv_0364,364,N2J,J2S,1,15.89,0.0,-15.89,False
event_000234,lv_0368,368,N2J,J2S,1,0.12,0.0,-0.12,False
event_000235,lv_0369,369,E2J,J2N,1,0.1,0.0,-0.1,False
event_000238,lv_0373,373,E2J,J2S,1,0.12,0.0,-0.12,False
event_000239,lv_0377,377,W2J,J2S,1,63.14,0.0,-63.14,False
event_000240,lv_0378,378,S2J,J2N,1,21.33,0.0,-21.33,False
event_000242,lv_0385,385,E2J,J2N,1,31.28,0.0,-31.28,False
event_000243,lv_0386,386,N2J,J2S,1,1.07,0.0,-1.07,False
event_000244,lv_0387,387,S2J,J2N,1,3.05,0.0,-3.05,False
event_000245,lv_0388,388,S2J,J2N,1,0.06,0.0,-0.06,False
event_000246,lv_0389,389,S2J,J2N,1,12.21,0.0,-12.21,False
event_000247,lv_0390,390,S2J,J2N,1,0.57,0.0,-0.57,False
event_000248,lv_0391,391,S2J,J2E,1,2.1,0.0,-2.1,False
event_000249,lv_0392,392,S2J,J2N,1,1.24,0.0,-1.24,False
event_000250,lv_0395,395,S2J,J2N,1,3.7,0.0,-3.7,False
event_000251,lv_0396,396,S2J,J2N,1,1.52,0.0,-1.52,False
event_000252,lv_0397,397,S2J,J2N,1,2.97,0.0,-2.97,False
event_000254,lv_0399,399,S2J,J2N,1,1.94,0.0,-1.94,False
event_000255,lv_0400,400,S2J,J2N,1,0.04,0.0,-0.04,False
event_000257,lv_0403,403,N2J,J2S,1,0.1,0.0,-0.1,False
event_000258,lv_0404,404,S2J,J2N,1,4.81,0.0,-4.81,False
event_000259,lv_0405,405,W2J,J2N,1,0.13,0.0,-0.13,False
event_000260,lv_0406,406,N2J,J2E,1,0.03,0.0,-0.03,False
event_000261,lv_0407,407,S2J,J2W,1,0.02,0.0,-0.02,False
event_000262,lv_0409,409,N2J,J2S,1,0.02,0.0,-0.02,False
event_000263,lv_0410,410,S2J,J2N,1,0.34,0.0,-0.34,False
event_000264,lv_0411,411,S2J,J2E,1,0.06,0.0,-0.06,False
event_000265,lv_0414,414,E2J,J2N,1,9.15,0.0,-9.15,False
event_000267,lv_0417,417,S2J,J2N,1,0.13,0.0,-0.13,False
event_000269,lv_0419,419,N2J,J2S,1,6.48,0.0,-6.48,False
event_000271,lv_0424,424,N2J,J2S,1,0.08,0.0,-0.08,False
event_000272,lv_0425,425,S2J,J2N,1,1.3,0.0,-1.3,False
event_000273,lv_0427,427,N2J,J2S,1,89.36,0.0,-89.36,False
event_000274,lv_0429,429,N2J,J2S,1,78.24,0.0,-78.24,False
event_000276,lv_0434,434,S2J,J2N,1,44.16,0.0,-44.16,False
event_000277,lv_0435,435,S2J,J2N,1,0.07,0.0,-0.07,False
event_000278,lv_0438,438,E2J,J2W,1,0.09,0.0,-0.09,False
event_000279,lv_0439,439,W2J,J2E,1,0.36,0.0,-0.36,False
event_000280,lv_0440,440,E2J,J2W,1,0.05,0.0,-0.05,False
event_000281,lv_0441,441,E2J,J2W,1,0.05,0.0,-0.05,False
event_000283,lv_0443,443,E2J,J2W,1,0.1,0.0,-0.1,False
event_000284,lv_0445,445,N2J,J2S,1,57.21,0.0,-57.21,False
event_000285,lv_0446,446,N2J,J2W,1,52.38,0.0,-52.38,False
event_000286,lv_0451,451,N2J,J2S,1,50.52,0.0,-50.52,False
event_000287,lv_0452,452,E2J,J2W,1,0.1,0.0,-0.1,False
event_000290,lv_0456,456,S2J,J2N,1,1.97,0.0,-1.97,False
event_000291,lv_0458,458,S2J,J2N,1,0.09,0.0,-0.09,False
event_000292,lv_0462,462,N2J,J2S,1,8.04,0.0,-8.04,False
event_000297,lv_0473,473,E2J,J2W,1,0.01,0.0,-0.01,False
event_000298,lv_0474,474,E2J,J2W,1,0.09,0.0,-0.09,False
event_000300,lv_0478,478,E2J,J2W,1,0.13,0.0,-0.13,False
event_000302,lv_0480,480,E2J,J2S,1,0.1,0.0,-0.1,False
event_000303,lv_0481,481,E2J,J2W,1,0.1,0.0,-0.1,False
event_000304,lv_0482,482,E2J,J2N,1,96.22,0.0,-96.22,False
event_000305,lv_0483,483,E2J,J2N,1,96.79,0.0,-96.79,False
event_000306,lv_0485,485,N2J,J2E,1,0.07,0.0,-0.07,False
event_000307,lv_0486,486,S2J,J2N,1,0.04,0.0,-0.04,False
event_000308,lv_0487,487,E2J,J2S,1,0.06,0.0,-0.06,False
event_000309,lv_0488,488,E2J,J2S,1,0.02,0.0,-0.02,False
event_000310,lv_0489,489,N2J,J2S,1,9.07,0.0,-9.07,False
event_000311,lv_0490,490,E2J,J2S,1,0.09,0.0,-0.09,False
event_000312,lv_0491,491,E2J,J2N,1,79.7,0.0,-79.7,False
event_000313,lv_0492,492,W2J,J2N,1,0.13,0.0,-0.13,False
event_000316,lv_0496,496,W2J,J2E,1,15.0,0.0,-15.0,False
event_000317,lv_0497,497,N2J,J2S,1,23.32,0.0,-23.32,False
event_000318,lv_0498,498,W2J,J2E,1,8.3,0.0,-8.3,False
event_000319,lv_0499,499,W2J,J2S,1,0.08,0.0,-0.08,False
event_000320,lv_0500,500,N2J,J2S,1,4.77,0.0,-4.77,False
event_000322,lv_0503,503,S2J,J2E,1,10.38,0.0,-10.38,False
event_000324,lv_0505,505,S2J,J2N,1,0.08,0.0,-0.08,False
event_000325,lv_0507,507,W2J,J2E,1,0.27,0.0,-0.27,False
event_000328,lv_0514,514,S2J,J2E,1,0.83,0.0,-0.83,False
event_000329,lv_0515,515,N2J,J2E,1,43.01,0.0,-43.01,False
event_000330,lv_0517,517,N2J,J2E,1,2.54,0.0,-2.54,False
event_000331,lv_0518,518,N2J,J2S,1,0.07,0.0,-0.07,False
event_000332,lv_0519,519,W2J,J2E,1,45.62,0.0,-45.62,False
event_000333,lv_0520,520,S2J,J2N,1,0.01,0.0,-0.01,False
event_000335,lv_0522,522,N2J,J2E,1,1.72,0.0,-1.72,False
event_000337,lv_0525,525,E2J,J2N,1,64.54,0.0,-64.54,False
event_000338,lv_0527,527,E2J,J2N,1,64.05,0.0,-64.05,False
event_000339,lv_0528,528,S2J,J2E,1,0.08,0.0,-0.08,False
event_000340,lv_0530,530,S2J,J2N,1,2.65,0.0,-2.65,False
event_000341,lv_0531,531,N2J,J2S,1,0.02,0.0,-0.02,False
event_000343,lv_0538,538,E2J,J2N,1,72.24,0.0,-72.24,False
event_000346,lv_0548,548,N2J,J2W,1,0.05,0.0,-0.05,False
event_000347,lv_0557,557,E2J,J2N,1,57.94,0.0,-57.94,False
event_000349,lv_0561,561,N2J,J2S,1,1.3,0.0,-1.3,False
event_000354,lv_0572,572,S2J,J2N,1,0.1,0.0,-0.1,False
event_000355,lv_0573,573,N2J,J2S,1,0.05,0.0,-0.05,False
event_000357,lv_0576,576,N2J,J2S,1,0.63,0.0,-0.63,False
event_000358,lv_0579,579,N2J,J2S,1,0.03,0.0,-0.03,False
event_000359,lv_0580,580,N2J,J2S,1,2.39,0.0,-2.39,False
event_000360,lv_0581,581,S2J,J2N,1,0.05,0.0,-0.05,False
event_000361,lv_0582,582,N2J,J2S,1,14.07,0.0,-14.07,False
event_000363,lv_0585,585,S2J,J2E,1,0.12,0.0,-0.12,False
event_000364,lv_0586,586,N2J,J2S,1,75.31,0.0,-75.31,False
event_000365,lv_0587,587,S2J,J2E,1,2.43,0.0,-2.43,False
event_000366,lv_0591,591,N2J,J2S,1,73.49,0.0,-73.49,False
event_000367,lv_0592,592,N2J,J2S,1,0.03,0.0,-0.03,False
event_000368,lv_0593,593,N2J,J2S,1,75.27,0.0,-75.27,False
event_000370,lv_0595,595,N2J,J2S,1,74.26,0.0,-74.26,False
event_000371,lv_0596,596,E2J,J2W,1,38.63,0.0,-38.63,False
event_000376,lv_0602,602,E2J,J2W,1,29.21,0.0,-29.21,False
event_000377,lv_0603,603,E2J,J2W,1,11.56,0.0,-11.56,False
event_000378,lv_0604,604,N2J,J2S,1,65.31,0.0,-65.31,False
event_000380,lv_0606,606,E2J,J2W,1,28.72,0.0,-28.72,False
event_000382,lv_0608,608,E2J,J2N,1,28.29,0.0,-28.29,False
event_000383,lv_0611,611,E2J,J2W,1,8.6,0.0,-8.6,False
event_000384,lv_0612,612,E2J,J2W,1,36.19,0.0,-36.19,False
event_000385,lv_0614,614,E2J,J2W,1,19.06,0.0,-19.06,False
event_000386,lv_0619,619,S2J,J2N,1,10.2,0.0,-10.2,False
event_000387,lv_0621,621,S2J,J2W,1,0.03,0.0,-0.03,False
event_000389,lv_0623,623,S2J,J2E,1,0.08,0.0,-0.08,False
event_000390,lv_0624,624,N2J,J2E,1,0.12,0.0,-0.12,False
event_000391,lv_0625,625,S2J,J2N,1,8.18,0.0,-8.18,False
event_000392,lv_0627,627,N2J,J2E,1,5.32,0.0,-5.32,False
event_000393,lv_0628,628,S2J,J2N,1,5.85,0.0,-5.85,False
event_000395,lv_0633,633,E2J,J2N,1,1.34,0.0,-1.34,False
event_000396,lv_0634,634,E2J,J2W,1,8.67,0.0,-8.67,False
event_000400,lv_0639,639,E2J,J2N,1,93.16,0.0,-93.16,False
event_000401,lv_0642,642,W2J,J2E,1,8.96,0.0,-8.96,False
event_000403,lv_0646,646,S2J,J2N,1,0.06,0.0,-0.06,False
event_000404,lv_0648,648,S2J,J2N,1,0.12,0.0,-0.12,False
event_000405,lv_0649,649,N2J,J2S,1,14.95,0.0,-14.95,False
event_000406,lv_0650,650,N2J,J2E,1,5.27,0.0,-5.27,False
event_000407,lv_0651,651,N2J,J2S,1,10.23,0.0,-10.23,False
event_000408,lv_0652,652,N2J,J2S,1,11.88,0.0,-11.88,False
event_000409,lv_0653,653,N2J,J2S,1,13.44,0.0,-13.44,False
event_000411,lv_0658,658,S2J,J2N,1,5.27,0.0,-5.27,False
event_000412,lv_0659,659,N2J,J2S,1,15.48,0.0,-15.48,False
event_000413,lv_0662,662,S2J,J2N,1,2.9,0.0,-2.9,False
event_000414,lv_0663,663,N2J,J2S,1,4.07,0.0,-4.07,False
event_000416,lv_0665,665,N2J,J2S,1,3.37,0.0,-3.37,False
event_000417,lv_0666,666,S2J,J2N,1,6.31,0.0,-6.31,False
event_000419,lv_0668,668,N2J,J2S,1,0.1,0.0,-0.1,False
event_000420,lv_0669,669,S2J,J2N,1,1.63,0.0,-1.63,False
event_000422,lv_0673,673,N2J,J2S,1,0.04,0.0,-0.04,False
event_000423,lv_0675,675,S2J,J2N,1,0.07,0.0,-0.07,False
event_000424,lv_0676,676,N2J,J2S,1,1.71,0.0,-1.71,False
event_000425,lv_0677,677,N2J,J2E,1,4.05,0.0,-4.05,False
event_000426,lv_0678,678,W2J,J2E,1,0.18,0.0,-0.18,False
event_000427,lv_0679,679,E2J,J2N,1,38.87,0.0,-38.87,False
event_000430,lv_0683,683,E2J,J2N,1,36.33,0.0,-36.33,False
event_000432,lv_0685,685,N2J,J2S,1,13.7,0.0,-13.7,False
event_000435,lv_0689,689,E2J,J2W,1,0.13,0.0,-0.13,False
event_000436,lv_0694,694,S2J,J2N,1,0.09,0.0,-0.09,False
event_000437,lv_0695,695,N2J,J2S,1,0.02,0.0,-0.02,False
event_000439,lv_0697,697,W2J,J2E,1,0.12,0.0,-0.12,False
event_000440,lv_0700,700,W2J,J2E,1,15.06,0.0,-15.06,False
event_000441,lv_0701,701,S2J,J2N,1,18.03,0.0,-18.03,False
event_000444,lv_0706,706,E2J,J2W,1,19.6,0.0,-19.6,False
event_000446,lv_0710,710,E2J,J2W,1,20.04,0.0,-20.04,False
event_000448,lv_0713,713,S2J,J2N,1,87.19,0.0,-87.19,False
event_000449,lv_0714,714,E2J,J2N,1,12.75,0.0,-12.75,False
event_000450,lv_0715,715,S2J,J2N,1,85.7,0.0,-85.7,False
event_000451,lv_0716,716,S2J,J2E,1,62.46,0.0,-62.46,False
event_000453,lv_0719,719,E2J,J2W,1,12.77,0.0,-12.77,False
event_000458,lv_0727,727,S2J,J2N,1,19.93,0.0,-19.93,False
event_000459,lv_0728,728,E2J,J2N,1,0.11,0.0,-0.11,False
event_000460,lv_0729,729,S2J,J2E,1,15.03,0.0,-15.03,False
event_000462,lv_0731,731,W2J,J2E,1,0.13,0.0,-0.13,False
event_000463,lv_0735,735,S2J,J2N,1,12.3,0.0,-12.3,False
event_000464,lv_0736,736,E2J,J2S,1,0.16,0.0,-0.16,False
event_000465,lv_0737,737,E2J,J2N,1,0.11,0.0,-0.11,False
event_000467,lv_0740,740,N2J,J2S,1,0.04,0.0,-0.04,False
event_000469,lv_0742,742,W2J,J2E,1,0.14,0.0,-0.14,False
event_000471,lv_0745,745,S2J,J2N,1,35.66,0.0,-35.66,False
event_000472,lv_0746,746,N2J,J2S,1,13.42,0.0,-13.42,False
event_000474,lv_0748,748,N2J,J2E,1,8.83,0.0,-8.83,False
event_000476,lv_0751,751,N2J,J2S,1,14.77,0.0,-14.77,False
event_000479,lv_0754,754,N2J,J2E,1,0.05,0.0,-0.05,False
event_000481,lv_0757,757,N2J,J2E,1,9.32,0.0,-9.32,False
event_000483,lv_0760,760,S2J,J2N,1,17.34,0.0,-17.34,False
event_000484,lv_0761,761,S2J,J2N,1,14.26,0.0,-14.26,False
event_000485,lv_0762,762,N2J,J2S,1,3.77,0.0,-3.77,False
event_000487,lv_0764,764,N2J,J2S,1,0.08,0.0,-0.08,False
event_000488,lv_0766,766,W2J,J2E,1,18.03,0.0,-18.03,False
event_000489,lv_0768,768,N2J,J2S,1,5.07,0.0,-5.07,False
event_000490,lv_0772,772,S2J,J2E,1,9.5,0.0,-9.5,False
event_000492,lv_0775,775,E2J,J2N,1,56.0,0.0,-56.0,False
event_000493,lv_0777,777,N2J,J2S,1,0.1,0.0,-0.1,False
event_000495,lv_0780,780,N2J,J2E,1,9.87,0.0,-9.87,False
event_000498,lv_0783,783,N2J,J2E,1,8.4,0.0,-8.4,False
event_000500,lv_0786,786,E2J,J2W,1,58.85,0.0,-58.85,False
event_000501,lv_0790,790,E2J,J2W,1,0.13,0.0,-0.13,False
event_000503,lv_0793,793,N2J,J2W,1,0.05,0.0,-0.05,False
event_000504,lv_0795,795,E2J,J2W,1,0.1,0.0,-0.1,False
event_000508,lv_0803,803,E2J,J2W,1,25.26,0.0,-25.26,False
event_000509,lv_0804,804,E2J,J2W,1,15.99,0.0,-15.99,False
event_000511,lv_0806,806,W2J,J2S,1,16.99,0.0,-16.99,False
event_000512,lv_0810,810,E2J,J2W,1,22.25,0.0,-22.25,False
event_000515,lv_0820,820,E2J,J2N,1,24.11,0.0,-24.11,False
event_000517,lv_0823,823,E2J,J2W,1,5.47,0.0,-5.47,False
event_000519,lv_0825,825,E2J,J2N,1,12.02,0.0,-12.02,False
event_000521,lv_0830,830,S2J,J2N,1,0.04,0.0,-0.04,False
