vehicle_id,semantic_id,observed_event_time,depart,entry,exit,entry_edge,exit_edge,depart_lane,arrival_lane,entry_time,exit_time,entry_phase,exit_phase,entry_in_ew_green,exit_in_ew_green
lv_0001,1,0.00,,北进,东出,N2J,J2E,,,0.35,14.13,,,,
lv_0002,2,0.00,,北进,东出,N2J,J2E,,,-3.94,11.76,,,,
lv_0003,3,0.00,,东进,北出,E2J,J2N,,,-5.85,6.23,,,,
lv_0004,4,0.00,,西进,东出,W2J,J2E,,,24.60,34.96,,,,
lv_0005,5,0.00,,,西出,,J2W,,,,15.12,,,,
lv_0006,6,0.14,,北进,,N2J,,,,-3.72,,,,,
lv_0007,7,0.20,,东进,北出,E2J,J2N,,,0.57,8.09,,,,
lv_0008,8,4.92,,北进,东出,N2J,J2E,,,8.17,16.32,,,,
lv_0010,10,10.74,,北进,南出,N2J,J2S,,,1.27,20.82,,,,
lv_0011,11,11.34,,北进,南出,N2J,J2S,,,7.38,33.33,,,,
lv_0014,14,12.68,,,,,,,,,,,,,
lv_0016,16,13.56,,东进,西出,E2J,J2W,,,-6.52,15.05,,,,
lv_0017,17,14.12,,东进,,E2J,,,,0.05,,,,,
lv_0019,19,14.64,,东进,,E2J,,,,11.54,,,,,
lv_0021,21,15.58,,,北出,,J2N,,,,43.57,,,,
lv_0024,24,17.74,,,北出,,J2N,,,,26.55,,,,
lv_0025,25,18.46,,西进,,W2J,,,,7.03,,,,,
lv_0026,26,20.02,,,北出,,J2N,,,,25.54,,,,
lv_0027,27,20.22,,,西出,,J2W,,,,14.22,,,,
lv_0028,28,21.34,,,北出,,J2N,,,,25.33,,,,
lv_0030,30,23.38,,北进,南出,N2J,J2S,,,9.67,20.78,,,,
lv_0031,31,23.52,,北进,南出,N2J,J2S,,,32.34,53.09,,,,
lv_0032,32,23.88,,东进,西出,E2J,J2W,,,24.49,30.25,,,,
lv_0033,33,23.90,,东进,西出,E2J,J2W,,,24.77,32.32,,,,
lv_0034,34,25.92,,东进,西出,E2J,J2W,,,26.56,33.90,,,,
lv_0035,35,26.16,,东进,,E2J,,,,19.52,,,,,
lv_0036,36,27.34,,北进,南出,N2J,J2S,,,31.58,50.17,,,,
lv_0037,37,27.68,,西进,东出,W2J,J2E,,,30.48,37.24,,,,
lv_0038,38,28.76,,,东出,,J2E,,,,32.71,,,,
lv_0039,39,28.88,,东进,西出,E2J,J2W,,,29.67,36.96,,,,
lv_0040,40,28.98,,北进,南出,N2J,J2S,,,31.83,50.43,,,,
lv_0041,41,29.28,,西进,东出,W2J,J2E,,,27.76,39.71,,,,
lv_0042,42,30.12,,东进,北出,E2J,J2N,,,30.55,37.19,,,,
lv_0044,44,30.92,,,,,,,,,,,,,
lv_0045,45,31.62,,西进,东出,W2J,J2E,,,35.61,43.60,,,,
lv_0047,47,32.42,,东进,西出,E2J,J2W,,,32.98,39.69,,,,
lv_0048,48,32.54,,东进,西出,E2J,J2W,,,32.98,38.51,,,,
lv_0050,50,35.04,,,,,,,,,,,,,
lv_0051,51,35.20,,东进,西出,E2J,J2W,,,35.94,44.40,,,,
lv_0053,53,36.80,,,东出,,J2E,,,,40.12,,,,
lv_0054,54,36.92,,南进,西出,S2J,J2W,,,28.43,45.97,,,,
lv_0055,55,42.40,,北进,南出,N2J,J2S,,,47.75,93.89,,,,
lv_0056,56,42.64,,北进,西出,N2J,J2W,,,46.68,55.65,,,,
lv_0057,57,46.46,,西进,东出,W2J,J2E,,,50.21,57.39,,,,
lv_0058,58,46.48,,东进,西出,E2J,J2W,,,23.30,42.70,,,,
lv_0059,59,46.76,,西进,东出,W2J,J2E,,,49.72,55.76,,,,
lv_0060,60,47.62,,南进,,S2J,,,,28.15,,,,,
lv_0061,61,62.10,,西进,东出,W2J,J2E,,,83.39,153.86,,,,
lv_0062,62,62.84,,东进,南出,E2J,J2S,,,64.37,74.91,,,,
lv_0064,64,64.38,,,北出,,J2N,,,,83.97,,,,
lv_0066,66,65.60,,东进,南出,E2J,J2S,,,66.70,76.21,,,,
lv_0067,67,65.62,,东进,西出,E2J,J2W,,,47.04,62.67,,,,
lv_0069,69,68.00,,北进,南出,N2J,J2S,,,74.51,89.41,,,,
lv_0070,70,69.22,,北进,南出,N2J,J2S,,,74.24,86.71,,,,
lv_0071,71,69.58,,东进,南出,E2J,J2S,,,70.70,80.30,,,,
lv_0073,73,71.06,,北进,南出,N2J,J2S,,,75.35,85.72,,,,
lv_0074,74,71.34,,北进,南出,N2J,J2S,,,74.07,93.93,,,,
lv_0075,75,73.24,,东进,西出,E2J,J2W,,,59.54,74.80,,,,
lv_0076,76,74.60,,,,,,,,,,,,,
lv_0077,77,75.24,,,,,,,,,,,,,
lv_0078,78,76.26,,东进,西出,E2J,J2W,,,59.76,74.82,,,,
lv_0080,80,78.32,,东进,北出,E2J,J2N,,,79.13,86.33,,,,
lv_0082,82,78.52,,,,,,,,,,,,,
lv_0089,89,83.02,,北进,南出,N2J,J2S,,,85.80,108.38,,,,
lv_0090,90,84.18,,,南出,,J2S,,,,93.14,,,,
lv_0093,93,85.20,,,,,,,,,,,,,
lv_0096,96,86.98,,,北出,,J2N,,,,100.37,,,,
lv_0099,99,87.64,,,北出,,J2N,,,,95.31,,,,
lv_0102,102,89.34,,,,,,,,,,,,,
lv_0103,103,89.42,,,南出,,J2S,,,,99.67,,,,
lv_0106,106,90.86,,北进,南出,N2J,J2S,,,99.77,120.64,,,,
lv_0109,109,91.66,,东进,北出,E2J,J2N,,,95.34,105.10,,,,
lv_0111,111,93.72,,东进,,E2J,,,,97.21,,,,,
lv_0112,112,94.72,,北进,南出,N2J,J2S,,,99.68,120.45,,,,
lv_0113,113,94.76,,,,,,,,,,,,,
lv_0114,114,95.06,,,,,,,,,,,,,
lv_0118,118,96.28,,南进,东出,S2J,J2E,,,97.10,102.91,,,,
lv_0123,123,96.66,,,北出,,J2N,,,,98.88,,,,
lv_0124,124,97.02,,南进,北出,S2J,J2N,,,89.64,98.95,,,,
lv_0125,125,97.48,,南进,北出,S2J,J2N,,,90.03,98.88,,,,
lv_0126,126,97.50,,,北出,,J2N,,,,101.85,,,,
lv_0129,129,97.82,,北进,南出,N2J,J2S,,,100.41,115.72,,,,
lv_0130,130,98.54,,北进,南出,N2J,J2S,,,100.35,114.97,,,,
lv_0132,132,98.84,,南进,北出,S2J,J2N,,,81.19,102.22,,,,
lv_0133,133,99.14,,南进,北出,S2J,J2N,,,87.94,98.83,,,,
lv_0136,136,99.92,,北进,南出,N2J,J2S,,,94.12,98.60,,,,
lv_0137,137,100.42,,北进,南出,N2J,J2S,,,100.38,118.34,,,,
lv_0138,138,100.48,,北进,南出,N2J,J2S,,,100.48,116.34,,,,
lv_0140,140,100.66,,,,,,,,,,,,,
lv_0141,141,101.16,,北进,南出,N2J,J2S,,,100.37,120.88,,,,
lv_0142,142,101.20,,北进,南出,N2J,J2S,,,100.34,127.21,,,,
lv_0143,143,102.92,,北进,南出,N2J,J2S,,,99.53,126.00,,,,
lv_0144,144,113.32,,西进,,W2J,,,,125.17,,,,,
lv_0146,146,114.86,,北进,南出,N2J,J2S,,,123.99,145.94,,,,
lv_0147,147,117.18,,西进,东出,W2J,J2E,,,144.84,157.42,,,,
lv_0148,148,118.46,,北进,南出,N2J,J2S,,,122.08,135.61,,,,
lv_0149,149,118.54,,北进,南出,N2J,J2S,,,128.03,150.06,,,,
lv_0150,150,118.74,,南进,北出,S2J,J2N,,,122.11,130.73,,,,
lv_0152,152,119.38,,南进,北出,S2J,J2N,,,120.91,127.17,,,,
lv_0154,154,120.14,,北进,南出,N2J,J2S,,,122.07,136.13,,,,
lv_0155,155,121.78,,南进,南出,S2J,J2S,,,120.75,139.58,,,,
lv_0156,156,122.22,,南进,北出,S2J,J2N,,,205.86,213.65,,,,
lv_0158,158,125.48,,南进,东出,S2J,J2E,,,126.20,132.64,,,,
lv_0160,160,128.38,,,,,,,,,,,,,
lv_0162,162,129.76,,,,,,,,,,,,,
lv_0163,163,132.58,,北进,南出,N2J,J2S,,,138.81,153.64,,,,
lv_0164,164,134.58,,,南出,,J2S,,,,137.69,,,,
lv_0165,165,134.90,,北进,南出,N2J,J2S,,,138.21,151.48,,,,
lv_0167,167,136.74,,东进,北出,E2J,J2N,,,137.81,145.58,,,,
lv_0168,168,142.04,,东进,北出,E2J,J2N,,,143.17,150.02,,,,
lv_0169,169,144.24,,,,,,,,,,,,,
lv_0170,170,145.62,,东进,西出,E2J,J2W,,,146.75,154.53,,,,
lv_0172,172,146.64,,南进,北出,S2J,J2N,,,131.50,145.45,,,,
lv_0173,173,147.64,,东进,西出,E2J,J2W,,,148.56,157.62,,,,
lv_0174,174,147.70,,东进,,E2J,,,,143.56,,,,,
lv_0175,175,149.00,,,,,,,,,,,,,
lv_0176,176,150.14,,南进,北出,S2J,J2N,,,210.87,220.38,,,,
lv_0177,177,150.38,,,西出,,J2W,,,,160.25,,,,
lv_0178,178,151.10,,,,,,,,,,,,,
lv_0179,179,151.16,,南进,北出,S2J,J2N,,,138.64,149.97,,,,
lv_0181,181,154.78,,,西出,,J2W,,,,162.72,,,,
lv_0182,182,155.52,,北进,东出,N2J,J2E,,,160.29,255.03,,,,
lv_0185,185,157.72,,南进,北出,S2J,J2N,,,207.21,217.00,,,,
lv_0188,188,158.84,,北进,北出,N2J,J2N,,,241.49,251.22,,,,
lv_0189,189,159.14,,西进,东出,W2J,J2E,,,161.83,166.29,,,,
lv_0191,191,159.64,,东进,西出,E2J,J2W,,,143.09,160.23,,,,
lv_0195,195,163.62,,东进,西出,E2J,J2W,,,138.18,159.79,,,,
lv_0196,196,163.64,,西进,东出,W2J,J2E,,,169.15,175.67,,,,
lv_0197,197,164.86,,西进,东出,W2J,J2E,,,167.61,174.28,,,,
lv_0199,199,166.36,,北进,南出,N2J,J2S,,,159.72,167.18,,,,
lv_0200,200,166.36,,西进,东出,W2J,J2E,,,169.70,176.79,,,,
lv_0201,201,166.68,,,西出,,J2W,,,,161.66,,,,
lv_0205,205,168.56,,北进,南出,N2J,J2S,,,162.31,167.39,,,,
lv_0206,206,170.90,,南进,,S2J,,,,165.25,,,,,
lv_0207,207,170.90,,东进,北出,E2J,J2N,,,171.77,177.95,,,,
lv_0209,209,172.14,,,西出,,J2W,,,,178.40,,,,
lv_0210,210,172.84,,东进,西出,E2J,J2W,,,173.26,179.24,,,,
lv_0211,211,173.06,,南进,东出,S2J,J2E,,,162.84,178.32,,,,
lv_0212,212,175.02,,南进,东出,S2J,J2E,,,165.38,177.02,,,,
lv_0214,214,175.86,,北进,南出,N2J,J2S,,,204.12,216.32,,,,
lv_0215,215,177.32,,,,,,,,,,,,,
lv_0216,216,177.34,,北进,南出,N2J,J2S,,,181.46,192.05,,,,
lv_0217,217,178.50,,南进,北出,S2J,J2N,,,161.12,177.63,,,,
lv_0220,220,181.80,,东进,西出,E2J,J2W,,,157.88,178.22,,,,
lv_0222,222,183.38,,北进,西出,N2J,J2W,,,190.16,205.23,,,,
lv_0223,223,184.90,,,南出,,J2S,,,,197.94,,,,
lv_0224,224,185.62,,北进,东出,N2J,J2E,,,244.30,256.66,,,,
lv_0226,226,186.06,,东进,南出,E2J,J2S,,,187.04,195.01,,,,
lv_0229,229,186.74,,,,,,,,,,,,,
lv_0230,230,186.82,,西进,北出,W2J,J2N,,,191.74,204.34,,,,
lv_0231,231,187.46,,北进,南出,N2J,J2S,,,185.93,209.07,,,,
lv_0234,234,188.26,,东进,南出,E2J,J2S,,,189.03,196.77,,,,
lv_0236,236,188.96,,东进,西出,E2J,J2W,,,189.02,209.63,,,,
lv_0238,238,189.82,,西进,东出,W2J,J2E,,,195.84,215.61,,,,
lv_0240,240,191.18,,西进,北出,W2J,J2N,,,194.70,206.46,,,,
lv_0243,243,192.50,,北进,东出,N2J,J2E,,,247.19,259.76,,,,
lv_0244,244,193.98,,西进,北出,W2J,J2N,,,197.89,208.92,,,,
lv_0246,246,199.20,,,,,,,,,,,,,
lv_0247,247,199.36,,南进,北出,S2J,J2N,,,185.43,197.45,,,,
lv_0249,249,202.78,,北进,南出,N2J,J2S,,,208.86,225.36,,,,
lv_0250,250,203.88,,北进,东出,N2J,J2E,,,250.21,261.69,,,,
lv_0251,251,204.92,,东进,西出,E2J,J2W,,,185.41,209.18,,,,
lv_0252,252,205.90,,南进,北出,S2J,J2N,,,209.86,216.84,,,,
lv_0253,253,206.64,,北进,南出,N2J,J2S,,,209.70,215.18,,,,
lv_0254,254,206.68,,,,,,,,,,,,,
lv_0256,256,207.06,,,南出,,J2S,,,,224.50,,,,
lv_0258,258,207.68,,,,,,,,,,,,,
lv_0260,260,208.68,,北进,南出,N2J,J2S,,,211.71,217.48,,,,
lv_0264,264,209.56,,南进,北出,S2J,J2N,,,200.06,209.00,,,,
lv_0265,265,211.34,,,南出,,J2S,,,,228.66,,,,
lv_0267,267,212.18,,,,,,,,,,,,,
lv_0268,268,215.08,,北进,南出,N2J,J2S,,,217.76,223.04,,,,
lv_0269,269,216.10,,,,,,,,,,,,,
lv_0270,270,217.64,,,北出,,J2N,,,,236.73,,,,
lv_0271,271,217.78,,南进,北出,S2J,J2N,,,206.07,216.81,,,,
lv_0272,272,223.20,,北进,南出,N2J,J2S,,,231.00,251.68,,,,
lv_0278,278,225.96,,东进,西出,E2J,J2W,,,205.01,222.21,,,,
lv_0281,281,227.62,,南进,北出,S2J,J2N,,,228.48,233.55,,,,
lv_0282,282,230.36,,东进,,E2J,,,,227.35,,,,,
lv_0284,284,230.98,,北进,南出,N2J,J2S,,,239.28,259.28,,,,
lv_0286,286,231.44,,南进,东出,S2J,J2E,,,224.63,236.92,,,,
lv_0288,288,232.00,,北进,南出,N2J,J2S,,,230.86,253.74,,,,
lv_0290,290,233.92,,南进,北出,S2J,J2N,,,225.79,233.39,,,,
lv_0292,292,234.88,,北进,,N2J,,,,229.70,,,,,
lv_0295,295,236.64,,南进,西出,S2J,J2W,,,239.68,250.67,,,,
lv_0296,296,237.56,,,西出,,J2W,,,,232.18,,,,
lv_0300,300,239.98,,,,,,,,,,,,,
lv_0301,301,242.92,,南进,北出,S2J,J2N,,,245.59,252.97,,,,
lv_0302,302,244.58,,南进,东出,S2J,J2E,,,245.24,252.76,,,,
lv_0303,303,245.96,,西进,,W2J,,,,237.82,,,,,
lv_0304,304,247.14,,南进,西出,S2J,J2W,,,245.21,257.07,,,,
lv_0305,305,250.36,,,,,,,,,,,,,
lv_0306,306,250.56,,,,,,,,,,,,,
lv_0307,307,252.06,,南进,北出,S2J,J2N,,,241.58,251.20,,,,
lv_0308,308,253.00,,东进,西出,E2J,J2W,,,233.27,253.31,,,,
lv_0309,309,253.10,,,,,,,,,,,,,
lv_0311,311,257.10,,东进,西出,E2J,J2W,,,228.13,252.86,,,,
lv_0313,313,259.48,,南进,东出,S2J,J2E,,,260.41,267.07,,,,
lv_0315,315,263.10,,南进,北出,S2J,J2N,,,328.02,338.74,,,,
lv_0316,316,265.16,,东进,西出,E2J,J2W,,,265.42,270.58,,,,
lv_0317,317,265.24,,南进,,S2J,,,,268.30,,,,,
lv_0318,318,266.10,,南进,北出,S2J,J2N,,,328.66,337.90,,,,
lv_0319,319,266.56,,东进,西出,E2J,J2W,,,267.38,274.97,,,,
lv_0321,321,268.90,,东进,西出,E2J,J2W,,,269.57,276.86,,,,
lv_0322,322,269.02,,南进,北出,S2J,J2N,,,332.99,341.33,,,,
lv_0323,323,269.96,,东进,西出,E2J,J2W,,,258.43,270.56,,,,
lv_0324,324,270.48,,东进,西出,E2J,J2W,,,271.41,280.18,,,,
lv_0326,326,271.86,,东进,北出,E2J,J2N,,,272.76,278.20,,,,
lv_0327,327,271.96,,,,,,,,,,,,,
lv_0329,329,272.42,,,,,,,,,,,,,
lv_0331,331,272.94,,西进,,W2J,,,,259.66,,,,,
lv_0333,333,273.44,,东进,西出,E2J,J2W,,,274.31,284.33,,,,
lv_0336,336,274.82,,东进,北出,E2J,J2N,,,275.68,281.87,,,,
lv_0337,337,275.32,,南进,北出,S2J,J2N,,,331.42,339.09,,,,
lv_0338,338,275.70,,西进,东出,W2J,J2E,,,278.78,283.06,,,,
lv_0339,339,277.06,,东进,北出,E2J,J2N,,,277.89,286.46,,,,
lv_0340,340,278.64,,东进,西出,E2J,J2W,,,279.30,286.97,,,,
lv_0341,341,279.10,,南进,北出,S2J,J2N,,,268.90,278.19,,,,
lv_0342,342,281.14,,东进,北出,E2J,J2N,,,282.08,289.44,,,,
lv_0343,343,285.80,,北进,东出,N2J,J2E,,,291.46,371.05,,,,
lv_0344,344,285.94,,西进,东出,W2J,J2E,,,289.63,294.95,,,,
lv_0345,345,288.52,,,,,,,,,,,,,
lv_0346,346,290.06,,南进,北出,S2J,J2N,,,272.65,289.17,,,,
lv_0347,347,290.62,,,,,,,,,,,,,
lv_0348,348,292.62,,北进,东出,N2J,J2E,,,363.08,374.87,,,,
lv_0351,351,298.20,,南进,,S2J,,,,293.16,,,,,
lv_0353,353,299.26,,,,,,,,,,,,,
lv_0357,357,301.90,,,,,,,,,,,,,
lv_0359,359,304.72,,北进,南出,N2J,J2S,,,309.54,334.96,,,,
lv_0360,360,304.82,,北进,南出,N2J,J2S,,,324.02,335.82,,,,
lv_0362,362,305.62,,北进,南出,N2J,J2S,,,311.84,323.82,,,,
lv_0364,364,308.96,,北进,南出,N2J,J2S,,,311.86,324.47,,,,
lv_0368,368,310.72,,北进,南出,N2J,J2S,,,329.09,339.20,,,,
lv_0369,369,312.86,,东进,北出,E2J,J2N,,,313.65,319.34,,,,
lv_0370,370,313.36,,,,,,,,,,,,,
lv_0371,371,314.82,,,南出,,J2S,,,,341.80,,,,
lv_0373,373,316.82,,东进,南出,E2J,J2S,,,317.45,325.78,,,,
lv_0377,377,319.58,,西进,南出,W2J,J2S,,,323.53,332.76,,,,
lv_0378,378,320.22,,南进,北出,S2J,J2N,,,309.66,319.32,,,,
lv_0379,379,320.58,,东进,,E2J,,,,320.91,,,,,
lv_0385,385,324.28,,东进,北出,E2J,J2N,,,325.31,332.03,,,,
lv_0386,386,331.00,,北进,南出,N2J,J2S,,,334.42,340.43,,,,
lv_0387,387,332.02,,南进,北出,S2J,J2N,,,335.18,343.13,,,,
lv_0388,388,332.80,,南进,北出,S2J,J2N,,,334.34,343.02,,,,
lv_0389,389,333.06,,南进,北出,S2J,J2N,,,320.26,331.97,,,,
lv_0390,390,335.86,,南进,北出,S2J,J2N,,,338.06,345.26,,,,
lv_0391,391,336.52,,南进,东出,S2J,J2E,,,337.69,344.42,,,,
lv_0392,392,338.52,,南进,北出,S2J,J2N,,,340.22,347.21,,,,
lv_0395,395,339.66,,南进,北出,S2J,J2N,,,340.47,347.58,,,,
lv_0396,396,339.86,,南进,北出,S2J,J2N,,,329.15,338.90,,,,
lv_0397,397,340.90,,南进,北出,S2J,J2N,,,342.55,349.30,,,,
lv_0398,398,341.02,,,南出,,J2S,,,,346.50,,,,
lv_0399,399,341.04,,南进,北出,S2J,J2N,,,340.43,347.89,,,,
lv_0400,400,342.02,,南进,北出,S2J,J2N,,,343.17,350.60,,,,
lv_0401,401,342.06,,西进,,W2J,,,,388.03,,,,,
lv_0403,403,343.90,,北进,南出,N2J,J2S,,,334.20,345.15,,,,
lv_0404,404,343.92,,南进,北出,S2J,J2N,,,331.11,342.86,,,,
lv_0405,405,344.14,,西进,北出,W2J,J2N,,,413.74,434.52,,,,
lv_0406,406,344.78,,北进,东出,N2J,J2E,,,366.46,377.12,,,,
lv_0407,407,344.92,,南进,西出,S2J,J2W,,,351.18,372.32,,,,
lv_0409,409,347.28,,北进,南出,N2J,J2S,,,336.28,345.34,,,,
lv_0410,410,348.16,,南进,北出,S2J,J2N,,,337.08,347.23,,,,
lv_0411,411,348.34,,南进,东出,S2J,J2E,,,349.35,356.87,,,,
lv_0414,414,349.14,,东进,北出,E2J,J2N,,,350.22,356.92,,,,
lv_0415,415,349.72,,南进,,S2J,,,,344.85,,,,,
lv_0417,417,351.44,,南进,北出,S2J,J2N,,,339.91,350.44,,,,
lv_0418,418,351.52,,,,,,,,,,,,,
lv_0419,419,351.54,,北进,南出,N2J,J2S,,,359.72,379.94,,,,
lv_0421,421,354.56,,北进,,N2J,,,,359.19,,,,,
lv_0424,424,357.58,,北进,南出,N2J,J2S,,,358.83,375.52,,,,
lv_0425,425,357.82,,南进,北出,S2J,J2N,,,345.59,356.73,,,,
lv_0427,427,359.38,,北进,南出,N2J,J2S,,,362.39,371.92,,,,
lv_0429,429,364.74,,北进,南出,N2J,J2S,,,373.58,394.63,,,,
lv_0430,430,372.16,,西进,,W2J,,,,366.62,,,,,
lv_0434,434,376.96,,南进,北出,S2J,J2N,,,407.87,463.15,,,,
lv_0435,435,384.38,,南进,北出,S2J,J2N,,,387.04,460.64,,,,
lv_0438,438,387.18,,东进,西出,E2J,J2W,,,388.20,394.63,,,,
lv_0439,439,388.24,,西进,东出,W2J,J2E,,,387.99,399.86,,,,
lv_0440,440,389.08,,东进,西出,E2J,J2W,,,389.83,395.89,,,,
lv_0441,441,390.32,,东进,西出,E2J,J2W,,,391.15,398.27,,,,
lv_0442,442,391.52,,,,,,,,,,,,,
lv_0443,443,391.98,,东进,西出,E2J,J2W,,,392.60,399.81,,,,
lv_0445,445,393.50,,北进,南出,N2J,J2S,,,396.80,412.32,,,,
lv_0446,446,396.46,,北进,西出,N2J,J2W,,,403.18,411.61,,,,
lv_0451,451,401.20,,北进,南出,N2J,J2S,,,407.67,434.82,,,,
lv_0452,452,401.62,,东进,西出,E2J,J2W,,,402.26,409.27,,,,
lv_0453,453,402.12,,,,,,,,,,,,,
lv_0454,454,402.34,,,,,,,,,,,,,
lv_0456,456,403.92,,南进,北出,S2J,J2N,,,454.85,466.62,,,,
lv_0458,458,406.12,,南进,北出,S2J,J2N,,,455.51,463.41,,,,
lv_0462,462,408.02,,北进,南出,N2J,J2S,,,451.25,459.40,,,,
lv_0463,463,408.34,,北进,,N2J,,,,407.68,,,,,
lv_0465,465,409.72,,,,,,,,,,,,,
lv_0467,467,412.60,,,,,,,,,,,,,
lv_0469,469,414.98,,南进,,S2J,,,,459.96,,,,,
lv_0473,473,417.00,,东进,西出,E2J,J2W,,,417.48,423.38,,,,
lv_0474,474,417.18,,东进,西出,E2J,J2W,,,395.22,417.46,,,,
lv_0475,475,417.36,,,东出,,J2E,,,,433.97,,,,
lv_0478,478,418.46,,东进,西出,E2J,J2W,,,418.94,425.37,,,,
lv_0479,479,418.72,,,,,,,,,,,,,
lv_0480,480,418.82,,东进,南出,E2J,J2S,,,431.49,440.16,,,,
lv_0481,481,419.68,,东进,西出,E2J,J2W,,,420.07,426.81,,,,
lv_0482,482,420.18,,东进,北出,E2J,J2N,,,420.84,426.36,,,,
lv_0483,483,423.38,,东进,北出,E2J,J2N,,,423.94,429.23,,,,
lv_0485,485,429.76,,北进,东出,N2J,J2E,,,435.33,488.97,,,,
lv_0486,486,430.16,,南进,北出,S2J,J2N,,,419.78,429.25,,,,
lv_0487,487,434.32,,东进,南出,E2J,J2S,,,435.35,443.36,,,,
lv_0488,488,437.22,,东进,南出,E2J,J2S,,,438.16,446.53,,,,
lv_0489,489,437.36,,北进,南出,N2J,J2S,,,451.35,461.40,,,,
lv_0490,490,440.26,,东进,南出,E2J,J2S,,,441.10,450.26,,,,
lv_0491,491,443.08,,东进,北出,E2J,J2N,,,444.49,453.68,,,,
lv_0492,492,444.58,,西进,北出,W2J,J2N,,,536.24,556.03,,,,
lv_0493,493,445.70,,西进,,W2J,,,,454.57,,,,,
lv_0495,495,446.74,,,,,,,,,,,,,
lv_0496,496,447.76,,西进,东出,W2J,J2E,,,453.20,471.11,,,,
lv_0497,497,448.66,,北进,南出,N2J,J2S,,,430.68,467.10,,,,
lv_0498,498,449.20,,西进,东出,W2J,J2E,,,510.67,519.66,,,,
lv_0499,499,449.44,,西进,南出,W2J,J2S,,,451.57,464.39,,,,
lv_0500,500,450.24,,北进,南出,N2J,J2S,,,456.88,472.27,,,,
lv_0502,502,451.56,,,北出,,J2N,,,,460.56,,,,
lv_0503,503,451.90,,南进,东出,S2J,J2E,,,443.83,454.42,,,,
lv_0504,504,452.08,,,,,,,,,,,,,
lv_0505,505,452.52,,南进,北出,S2J,J2N,,,458.02,468.26,,,,
lv_0507,507,452.72,,西进,东出,W2J,J2E,,,514.33,525.98,,,,
lv_0509,509,453.20,,北进,,N2J,,,,460.01,,,,,
lv_0512,512,454.58,,,,,,,,,,,,,
lv_0514,514,455.32,,南进,东出,S2J,J2E,,,458.47,466.00,,,,
lv_0515,515,455.60,,北进,东出,N2J,J2E,,,440.84,458.48,,,,
lv_0517,517,457.62,,北进,东出,N2J,J2E,,,483.59,493.68,,,,
lv_0518,518,460.40,,北进,南出,N2J,J2S,,,463.73,469.61,,,,
lv_0519,519,460.80,,西进,东出,W2J,J2E,,,469.99,524.20,,,,
lv_0520,520,461.58,,南进,北出,S2J,J2N,,,464.17,475.65,,,,
lv_0521,521,463.50,,,东出,,J2E,,,,498.66,,,,
lv_0522,522,464.10,,北进,东出,N2J,J2E,,,486.21,520.58,,,,
lv_0523,523,464.74,,北进,,N2J,,,,461.93,,,,,
lv_0525,525,466.46,,东进,北出,E2J,J2N,,,467.84,477.12,,,,
lv_0527,527,467.40,,东进,北出,E2J,J2N,,,465.61,474.36,,,,
lv_0528,528,467.54,,南进,东出,S2J,J2E,,,469.12,482.84,,,,
lv_0530,530,469.20,,南进,北出,S2J,J2N,,,469.12,480.95,,,,
lv_0531,531,469.38,,北进,南出,N2J,J2S,,,461.27,480.17,,,,
lv_0537,537,471.00,,北进,,N2J,,,,474.18,,,,,
lv_0538,538,471.08,,东进,北出,E2J,J2N,,,454.79,475.49,,,,
lv_0539,539,471.16,,,北出,,J2N,,,,478.46,,,,
lv_0541,541,471.48,,东进,东出,E2J,J2E,,,473.19,473.23,,,,
lv_0548,548,473.48,,北进,西出,N2J,J2W,,,476.96,485.34,,,,
lv_0557,557,475.54,,东进,北出,E2J,J2N,,,477.14,484.69,,,,
lv_0558,558,475.56,,,,,,,,,,,,,
lv_0561,561,475.78,,北进,南出,N2J,J2S,,,474.33,481.59,,,,
lv_0562,562,476.42,,,,,,,,,,,,,
lv_0563,563,476.70,,,,,,,,,,,,,
lv_0565,565,476.92,,,北出,,J2N,,,,473.56,,,,
lv_0570,570,478.04,,,,,,,,,,,,,
lv_0572,572,478.30,,南进,北出,S2J,J2N,,,463.60,476.97,,,,
lv_0573,573,478.60,,北进,南出,N2J,J2S,,,473.16,479.41,,,,
lv_0574,574,479.02,,北进,,N2J,,,,468.97,,,,,
lv_0576,576,480.02,,北进,南出,N2J,J2S,,,473.78,478.63,,,,
lv_0579,579,481.84,,北进,南出,N2J,J2S,,,474.86,480.28,,,,
lv_0580,580,482.40,,北进,南出,N2J,J2S,,,474.65,480.20,,,,
lv_0581,581,485.62,,南进,北出,S2J,J2N,,,473.65,484.58,,,,
lv_0582,582,488.30,,北进,南出,N2J,J2S,,,567.95,580.74,,,,
lv_0583,583,492.18,,东进,,E2J,,,,479.67,,,,,
lv_0585,585,496.36,,南进,东出,S2J,J2E,,,488.29,500.34,,,,
lv_0586,586,499.48,,北进,南出,N2J,J2S,,,506.61,522.67,,,,
lv_0587,587,502.10,,南进,东出,S2J,J2E,,,488.77,515.76,,,,
lv_0591,591,503.92,,北进,南出,N2J,J2S,,,506.26,521.85,,,,
lv_0592,592,504.06,,北进,南出,N2J,J2S,,,508.78,520.54,,,,
lv_0593,593,504.20,,北进,南出,N2J,J2S,,,509.66,526.41,,,,
lv_0594,594,504.56,,,西出,,J2W,,,,499.76,,,,
lv_0595,595,504.56,,北进,南出,N2J,J2S,,,509.29,521.36,,,,
lv_0596,596,504.60,,东进,西出,E2J,J2W,,,475.90,503.87,,,,
lv_0598,598,506.42,,,西出,,J2W,,,,520.13,,,,
lv_0599,599,506.56,,,西出,,J2W,,,,503.75,,,,
lv_0600,600,507.22,,,西出,,J2W,,,,506.32,,,,
lv_0601,601,508.62,,,,,,,,,,,,,
lv_0602,602,509.48,,东进,西出,E2J,J2W,,,510.93,521.85,,,,
lv_0603,603,509.54,,东进,西出,E2J,J2W,,,510.60,520.29,,,,
lv_0604,604,511.28,,北进,南出,N2J,J2S,,,521.09,543.78,,,,
lv_0605,605,511.64,,北进,,N2J,,,,508.32,,,,,
lv_0606,606,511.90,,东进,西出,E2J,J2W,,,512.79,523.34,,,,
lv_0607,607,512.34,,,西出,,J2W,,,,500.27,,,,
lv_0608,608,512.88,,东进,北出,E2J,J2N,,,514.59,523.22,,,,
lv_0611,611,514.90,,东进,西出,E2J,J2W,,,516.45,525.84,,,,
lv_0612,612,515.48,,东进,西出,E2J,J2W,,,501.93,519.19,,,,
lv_0614,614,518.22,,东进,西出,E2J,J2W,,,500.72,519.63,,,,
lv_0619,619,522.82,,南进,北出,S2J,J2N,,,569.82,581.03,,,,
lv_0621,621,524.46,,南进,西出,S2J,J2W,,,602.88,613.88,,,,
lv_0622,622,525.04,,,西出,,J2W,,,,520.30,,,,
lv_0623,623,528.10,,南进,东出,S2J,J2E,,,529.32,536.38,,,,
lv_0624,624,530.94,,北进,东出,N2J,J2E,,,536.29,612.86,,,,
lv_0625,625,532.64,,南进,北出,S2J,J2N,,,571.84,582.28,,,,
lv_0627,627,534.60,,北进,东出,N2J,J2E,,,606.51,615.05,,,,
lv_0628,628,534.96,,南进,北出,S2J,J2N,,,576.25,585.17,,,,
lv_0629,629,536.14,,,南出,,J2S,,,,552.35,,,,
lv_0633,633,543.84,,东进,北出,E2J,J2N,,,544.62,550.76,,,,
lv_0634,634,544.58,,东进,西出,E2J,J2W,,,544.92,550.23,,,,
lv_0635,635,544.80,,西进,,W2J,,,,629.75,,,,,
lv_0637,637,550.10,,,,,,,,,,,,,
lv_0638,638,550.20,,,,,,,,,,,,,
lv_0639,639,551.26,,东进,北出,E2J,J2N,,,551.91,558.88,,,,
lv_0642,642,552.32,,西进,东出,W2J,J2E,,,633.68,642.98,,,,
lv_0644,644,554.16,,西进,,W2J,,,,559.93,,,,,
lv_0646,646,556.88,,南进,北出,S2J,J2N,,,545.55,555.97,,,,
lv_0648,648,560.04,,南进,北出,S2J,J2N,,,546.69,558.89,,,,
lv_0649,649,564.68,,北进,南出,N2J,J2S,,,568.71,580.35,,,,
lv_0650,650,566.82,,北进,东出,N2J,J2E,,,608.83,616.84,,,,
lv_0651,651,568.72,,北进,南出,N2J,J2S,,,574.91,583.46,,,,
lv_0652,652,571.08,,北进,南出,N2J,J2S,,,577.32,585.52,,,,
lv_0653,653,572.38,,北进,南出,N2J,J2S,,,566.39,581.79,,,,
lv_0657,657,576.92,,,南出,,J2S,,,,590.62,,,,
lv_0658,658,577.02,,南进,北出,S2J,J2N,,,579.77,586.89,,,,
lv_0659,659,579.12,,北进,南出,N2J,J2S,,,572.71,580.85,,,,
lv_0662,662,581.14,,南进,北出,S2J,J2N,,,583.55,591.91,,,,
lv_0663,663,584.30,,北进,南出,N2J,J2S,,,586.28,590.42,,,,
lv_0664,664,585.48,,南进,南出,S2J,J2S,,,606.48,617.26,,,,
lv_0665,665,586.24,,北进,南出,N2J,J2S,,,588.53,592.88,,,,
lv_0666,666,587.60,,南进,北出,S2J,J2N,,,577.35,586.77,,,,
lv_0667,667,589.46,,,,,,,,,,,,,
lv_0668,668,592.64,,北进,南出,N2J,J2S,,,597.50,609.49,,,,
lv_0669,669,592.80,,南进,北出,S2J,J2N,,,580.49,591.73,,,,
lv_0670,670,593.20,,,南出,,J2S,,,,599.54,,,,
lv_0673,673,596.12,,北进,南出,N2J,J2S,,,602.57,619.75,,,,
lv_0675,675,601.72,,南进,北出,S2J,J2N,,,605.24,614.73,,,,
lv_0676,676,601.98,,北进,南出,N2J,J2S,,,591.85,599.36,,,,
lv_0677,677,603.46,,北进,东出,N2J,J2E,,,611.83,621.10,,,,
lv_0678,678,607.88,,西进,东出,W2J,J2E,,,609.49,635.06,,,,
lv_0679,679,607.90,,东进,北出,E2J,J2N,,,608.81,615.33,,,,
lv_0680,680,609.24,,,,,,,,,,,,,
lv_0681,681,611.46,,,,,,,,,,,,,
lv_0683,683,613.00,,东进,北出,E2J,J2N,,,613.92,620.49,,,,
lv_0684,684,613.06,,,西出,,J2W,,,,618.43,,,,
lv_0685,685,614.00,,北进,南出,N2J,J2S,,,696.32,705.70,,,,
lv_0686,686,614.82,,东进,,E2J,,,,604.69,,,,,
lv_0688,688,616.34,,北进,,N2J,,,,625.62,,,,,
lv_0689,689,616.64,,东进,西出,E2J,J2W,,,602.14,618.47,,,,
lv_0694,694,621.36,,南进,北出,S2J,J2N,,,610.32,620.43,,,,
lv_0695,695,622.28,,北进,南出,N2J,J2S,,,627.98,643.10,,,,
lv_0696,696,624.66,,,南出,,J2S,,,,643.75,,,,
lv_0697,697,628.34,,西进,东出,W2J,J2E,,,629.25,638.49,,,,
lv_0700,700,630.70,,西进,东出,W2J,J2E,,,630.23,640.17,,,,
lv_0701,701,631.02,,南进,北出,S2J,J2N,,,693.64,703.26,,,,
lv_0702,702,631.08,,,,,,,,,,,,,
lv_0704,704,631.58,,,,,,,,,,,,,
lv_0706,706,632.52,,东进,西出,E2J,J2W,,,633.42,641.59,,,,
lv_0707,707,632.82,,北进,,N2J,,,,629.11,,,,,
lv_0710,710,634.04,,东进,西出,E2J,J2W,,,634.88,642.92,,,,
lv_0711,711,634.72,,北进,,N2J,,,,622.28,,,,,
lv_0713,713,640.30,,南进,北出,S2J,J2N,,,620.83,642.39,,,,
lv_0714,714,641.88,,东进,北出,E2J,J2N,,,643.51,653.30,,,,
lv_0715,715,645.00,,南进,北出,S2J,J2N,,,624.40,642.24,,,,
lv_0716,716,648.16,,南进,东出,S2J,J2E,,,649.19,655.16,,,,
lv_0718,718,649.70,,,南出,,J2S,,,,656.95,,,,
lv_0719,719,650.46,,东进,西出,E2J,J2W,,,629.77,647.27,,,,
lv_0720,720,650.48,,北进,,N2J,,,,653.77,,,,,
lv_0724,724,656.32,,南进,,S2J,,,,638.26,,,,,
lv_0725,725,657.92,,,,,,,,,,,,,
lv_0726,726,658.98,,北进,北出,N2J,J2N,,,663.26,737.24,,,,
lv_0727,727,663.10,,南进,北出,S2J,J2N,,,694.36,702.08,,,,
lv_0728,728,663.82,,东进,北出,E2J,J2N,,,664.44,669.43,,,,
lv_0729,729,666.32,,南进,东出,S2J,J2E,,,701.15,711.81,,,,
lv_0730,730,666.94,,,,,,,,,,,,,
lv_0731,731,668.36,,西进,东出,W2J,J2E,,,676.25,760.06,,,,
lv_0735,735,672.14,,南进,北出,S2J,J2N,,,700.89,709.17,,,,
lv_0736,736,672.38,,东进,南出,E2J,J2S,,,673.41,681.44,,,,
lv_0737,737,673.52,,东进,北出,E2J,J2N,,,675.25,684.30,,,,
lv_0738,738,673.76,,,南出,,J2S,,,,677.56,,,,
lv_0740,740,674.44,,北进,南出,N2J,J2S,,,669.86,676.91,,,,
lv_0741,741,677.88,,,,,,,,,,,,,
lv_0742,742,682.18,,西进,东出,W2J,J2E,,,753.73,763.02,,,,
lv_0743,743,683.54,,,,,,,,,,,,,
lv_0745,745,685.34,,南进,北出,S2J,J2N,,,672.34,684.28,,,,
lv_0746,746,687.06,,北进,南出,N2J,J2S,,,694.41,712.90,,,,
lv_0747,747,689.90,,,,,,,,,,,,,
lv_0748,748,691.78,,北进,东出,N2J,J2E,,,731.00,742.20,,,,
lv_0749,749,692.04,,,,,,,,,,,,,
lv_0751,751,693.10,,北进,南出,N2J,J2S,,,696.90,705.73,,,,
lv_0752,752,695.48,,,,,,,,,,,,,
lv_0753,753,697.16,,,,,,,,,,,,,
lv_0754,754,697.38,,北进,东出,N2J,J2E,,,690.25,698.12,,,,
lv_0756,756,701.44,,,,,,,,,,,,,
lv_0757,757,702.12,,北进,东出,N2J,J2E,,,734.49,744.22,,,,
lv_0759,759,702.74,,,南出,,J2S,,,,713.84,,,,
lv_0760,760,702.76,,南进,北出,S2J,J2N,,,692.76,701.95,,,,
lv_0761,761,702.90,,南进,北出,S2J,J2N,,,704.57,714.25,,,,
lv_0762,762,703.30,,北进,南出,N2J,J2S,,,706.24,712.49,,,,
lv_0763,763,705.92,,,南出,,J2S,,,,711.51,,,,
lv_0764,764,708.42,,北进,南出,N2J,J2S,,,714.91,733.00,,,,
lv_0766,766,711.04,,西进,东出,W2J,J2E,,,755.23,764.93,,,,
lv_0768,768,711.26,,北进,南出,N2J,J2S,,,702.75,710.37,,,,
lv_0772,772,713.20,,南进,东出,S2J,J2E,,,710.20,716.74,,,,
lv_0773,773,713.30,,,,,,,,,,,,,
lv_0775,775,714.70,,东进,北出,E2J,J2N,,,717.15,726.36,,,,
lv_0777,777,722.18,,北进,南出,N2J,J2S,,,730.29,749.31,,,,
lv_0779,779,723.80,,,,,,,,,,,,,
lv_0780,780,724.90,,北进,东出,N2J,J2E,,,732.13,745.50,,,,
lv_0781,781,726.50,,,,,,,,,,,,,
lv_0782,782,732.48,,西进,,W2J,,,,740.30,,,,,
lv_0783,783,733.48,,北进,东出,N2J,J2E,,,737.21,747.26,,,,
lv_0785,785,736.02,,西进,,W2J,,,,741.10,,,,,
lv_0786,786,736.72,,东进,西出,E2J,J2W,,,717.96,737.05,,,,
lv_0790,790,739.24,,东进,西出,E2J,J2W,,,715.34,736.88,,,,
lv_0791,791,740.28,,,,,,,,,,,,,
lv_0793,793,740.34,,北进,西出,N2J,J2W,,,744.86,754.82,,,,
lv_0795,795,740.92,,东进,西出,E2J,J2W,,,712.07,736.47,,,,
lv_0798,798,747.78,,,,,,,,,,,,,
lv_0799,799,749.10,,,,,,,,,,,,,
lv_0802,802,753.40,,,,,,,,,,,,,
lv_0803,803,754.02,,东进,西出,E2J,J2W,,,754.72,761.71,,,,
lv_0804,804,754.22,,东进,西出,E2J,J2W,,,754.67,760.07,,,,
lv_0805,805,755.34,,南进,,S2J,,,,764.82,,,,,
lv_0806,806,755.92,,西进,南出,W2J,J2S,,,758.20,767.08,,,,
lv_0810,810,760.70,,东进,西出,E2J,J2W,,,761.79,772.35,,,,
lv_0814,814,762.44,,,,,,,,,,,,,
lv_0819,819,764.32,,北进,,N2J,,,,757.52,,,,,
lv_0820,820,764.46,,东进,北出,E2J,J2N,,,757.36,767.32,,,,
lv_0822,822,766.48,,,,,,,,,,,,,
lv_0823,823,769.88,,东进,西出,E2J,J2W,,,770.18,775.31,,,,
lv_0824,824,770.58,,,,,,,,,,,,,
lv_0825,825,773.22,,东进,北出,E2J,J2N,,,773.94,779.90,,,,
lv_0829,829,778.86,,南进,,S2J,,,,788.70,,,,,
lv_0830,830,780.56,,南进,北出,S2J,J2N,,,768.17,779.87,,,,
