scope,entry_edge,exit_edge,window_begin,window_end,valid_count,vehicle_count,flow_count,vehicle_delta,flow_delta,status
od,E2J,J2N,,,33,33,33,0,0,OK
od,E2J,J2S,,,11,11,11,0,0,OK
od,E2J,J2W,,,58,58,58,0,0,OK
od,N2J,J2E,,,23,23,23,0,0,OK
od,N2J,J2S,,,91,91,91,0,0,OK
od,N2J,J2W,,,5,5,5,0,0,OK
od,S2J,J2E,,,18,18,18,0,0,OK
od,S2J,J2N,,,71,71,71,0,0,OK
od,S2J,J2W,,,5,5,5,0,0,OK
od,W2J,J2E,,,27,27,27,0,0,OK
od,W2J,J2N,,,5,5,5,0,0,OK
od,W2J,J2S,,,3,3,3,0,0,OK
time_window,,,240.00,300.00,26,26,26,0,0,OK
time_window,,,300.00,360.00,24,24,24,0,0,OK
time_window,,,360.00,420.00,27,27,27,0,0,OK
time_window,,,420.00,480.00,36,36,36,0,0,OK
time_window,,,480.00,540.00,28,28,28,0,0,OK
time_window,,,540.00,600.00,29,29,29,0,0,OK
time_window,,,600.00,660.00,26,26,26,0,0,OK
time_window,,,660.00,720.00,28,28,28,0,0,OK
time_window,,,720.00,780.00,38,38,38,0,0,OK
time_window,,,780.00,840.00,19,19,19,0,0,OK
time_window,,,840.00,900.00,27,27,27,0,0,OK
time_window,,,900.00,960.00,15,15,15,0,0,OK
time_window,,,960.00,1020.00,22,22,22,0,0,OK
time_window,,,1020.00,1080.00,5,5,5,0,0,OK
od_time_window,E2J,J2N,240.00,300.00,3,3,3,0,0,OK
od_time_window,E2J,J2N,300.00,360.00,2,2,2,0,0,OK
od_time_window,E2J,J2N,360.00,420.00,2,2,2,0,0,OK
od_time_window,E2J,J2N,420.00,480.00,1,1,1,0,0,OK
od_time_window,E2J,J2N,480.00,540.00,2,2,2,0,0,OK
od_time_window,E2J,J2N,540.00,600.00,4,4,4,0,0,OK
od_time_window,E2J,J2N,600.00,660.00,1,1,1,0,0,OK
od_time_window,E2J,J2N,660.00,720.00,4,4,4,0,0,OK
od_time_window,E2J,J2N,720.00,780.00,4,4,4,0,0,OK
od_time_window,E2J,J2N,780.00,840.00,2,2,2,0,0,OK
od_time_window,E2J,J2N,840.00,900.00,2,2,2,0,0,OK
od_time_window,E2J,J2N,900.00,960.00,3,3,3,0,0,OK
od_time_window,E2J,J2N,960.00,1020.00,2,2,2,0,0,OK
od_time_window,E2J,J2N,1020.00,1080.00,1,1,1,0,0,OK
od_time_window,E2J,J2S,300.00,360.00,3,3,3,0,0,OK
od_time_window,E2J,J2S,420.00,480.00,2,2,2,0,0,OK
od_time_window,E2J,J2S,540.00,600.00,1,1,1,0,0,OK
od_time_window,E2J,J2S,660.00,720.00,4,4,4,0,0,OK
od_time_window,E2J,J2S,900.00,960.00,1,1,1,0,0,OK
od_time_window,E2J,J2W,240.00,300.00,9,9,9,0,0,OK
od_time_window,E2J,J2W,300.00,360.00,3,3,3,0,0,OK
od_time_window,E2J,J2W,360.00,420.00,4,4,4,0,0,OK
od_time_window,E2J,J2W,420.00,480.00,5,5,5,0,0,OK
od_time_window,E2J,J2W,480.00,540.00,8,8,8,0,0,OK
od_time_window,E2J,J2W,540.00,600.00,1,1,1,0,0,OK
od_time_window,E2J,J2W,600.00,660.00,5,5,5,0,0,OK
od_time_window,E2J,J2W,660.00,720.00,4,4,4,0,0,OK
od_time_window,E2J,J2W,720.00,780.00,7,7,7,0,0,OK
od_time_window,E2J,J2W,780.00,840.00,1,1,1,0,0,OK
od_time_window,E2J,J2W,840.00,900.00,4,4,4,0,0,OK
od_time_window,E2J,J2W,960.00,1020.00,5,5,5,0,0,OK
od_time_window,E2J,J2W,1020.00,1080.00,2,2,2,0,0,OK
od_time_window,N2J,J2E,240.00,300.00,3,3,3,0,0,OK
od_time_window,N2J,J2E,420.00,480.00,1,1,1,0,0,OK
od_time_window,N2J,J2E,480.00,540.00,3,3,3,0,0,OK
od_time_window,N2J,J2E,540.00,600.00,1,1,1,0,0,OK
od_time_window,N2J,J2E,600.00,660.00,2,2,2,0,0,OK
od_time_window,N2J,J2E,660.00,720.00,2,2,2,0,0,OK
od_time_window,N2J,J2E,720.00,780.00,2,2,2,0,0,OK
od_time_window,N2J,J2E,780.00,840.00,1,1,1,0,0,OK
od_time_window,N2J,J2E,840.00,900.00,3,3,3,0,0,OK
od_time_window,N2J,J2E,900.00,960.00,1,1,1,0,0,OK
od_time_window,N2J,J2E,960.00,1020.00,4,4,4,0,0,OK
od_time_window,N2J,J2S,240.00,300.00,6,6,6,0,0,OK
od_time_window,N2J,J2S,300.00,360.00,7,7,7,0,0,OK
od_time_window,N2J,J2S,360.00,420.00,15,15,15,0,0,OK
od_time_window,N2J,J2S,420.00,480.00,8,8,8,0,0,OK
od_time_window,N2J,J2S,480.00,540.00,4,4,4,0,0,OK
od_time_window,N2J,J2S,540.00,600.00,8,8,8,0,0,OK
od_time_window,N2J,J2S,600.00,660.00,5,5,5,0,0,OK
od_time_window,N2J,J2S,660.00,720.00,5,5,5,0,0,OK
od_time_window,N2J,J2S,720.00,780.00,12,12,12,0,0,OK
od_time_window,N2J,J2S,780.00,840.00,7,7,7,0,0,OK
od_time_window,N2J,J2S,840.00,900.00,6,6,6,0,0,OK
od_time_window,N2J,J2S,900.00,960.00,4,4,4,0,0,OK
od_time_window,N2J,J2S,960.00,1020.00,4,4,4,0,0,OK
od_time_window,N2J,J2W,300.00,360.00,1,1,1,0,0,OK
od_time_window,N2J,J2W,420.00,480.00,1,1,1,0,0,OK
od_time_window,N2J,J2W,660.00,720.00,1,1,1,0,0,OK
od_time_window,N2J,J2W,720.00,780.00,1,1,1,0,0,OK
od_time_window,N2J,J2W,960.00,1020.00,1,1,1,0,0,OK
od_time_window,S2J,J2E,300.00,360.00,1,1,1,0,0,OK
od_time_window,S2J,J2E,360.00,420.00,1,1,1,0,0,OK
od_time_window,S2J,J2E,420.00,480.00,2,2,2,0,0,OK
od_time_window,S2J,J2E,480.00,540.00,3,3,3,0,0,OK
od_time_window,S2J,J2E,600.00,660.00,2,2,2,0,0,OK
od_time_window,S2J,J2E,660.00,720.00,1,1,1,0,0,OK
od_time_window,S2J,J2E,720.00,780.00,4,4,4,0,0,OK
od_time_window,S2J,J2E,780.00,840.00,1,1,1,0,0,OK
od_time_window,S2J,J2E,900.00,960.00,1,1,1,0,0,OK
od_time_window,S2J,J2E,960.00,1020.00,2,2,2,0,0,OK
od_time_window,S2J,J2N,300.00,360.00,4,4,4,0,0,OK
od_time_window,S2J,J2N,360.00,420.00,4,4,4,0,0,OK
od_time_window,S2J,J2N,420.00,480.00,8,8,8,0,0,OK
od_time_window,S2J,J2N,480.00,540.00,6,6,6,0,0,OK
od_time_window,S2J,J2N,540.00,600.00,11,11,11,0,0,OK
od_time_window,S2J,J2N,600.00,660.00,9,9,9,0,0,OK
od_time_window,S2J,J2N,660.00,720.00,4,4,4,0,0,OK
od_time_window,S2J,J2N,720.00,780.00,5,5,5,0,0,OK
od_time_window,S2J,J2N,780.00,840.00,6,6,6,0,0,OK
od_time_window,S2J,J2N,840.00,900.00,7,7,7,0,0,OK
od_time_window,S2J,J2N,900.00,960.00,4,4,4,0,0,OK
od_time_window,S2J,J2N,960.00,1020.00,2,2,2,0,0,OK
od_time_window,S2J,J2N,1020.00,1080.00,1,1,1,0,0,OK
od_time_window,S2J,J2W,240.00,300.00,1,1,1,0,0,OK
od_time_window,S2J,J2W,480.00,540.00,2,2,2,0,0,OK
od_time_window,S2J,J2W,600.00,660.00,1,1,1,0,0,OK
od_time_window,S2J,J2W,840.00,900.00,1,1,1,0,0,OK
od_time_window,W2J,J2E,240.00,300.00,4,4,4,0,0,OK
od_time_window,W2J,J2E,300.00,360.00,3,3,3,0,0,OK
od_time_window,W2J,J2E,360.00,420.00,1,1,1,0,0,OK
od_time_window,W2J,J2E,420.00,480.00,5,5,5,0,0,OK
od_time_window,W2J,J2E,540.00,600.00,2,2,2,0,0,OK
od_time_window,W2J,J2E,600.00,660.00,1,1,1,0,0,OK
od_time_window,W2J,J2E,660.00,720.00,1,1,1,0,0,OK
od_time_window,W2J,J2E,720.00,780.00,3,3,3,0,0,OK
od_time_window,W2J,J2E,840.00,900.00,4,4,4,0,0,OK
od_time_window,W2J,J2E,900.00,960.00,1,1,1,0,0,OK
od_time_window,W2J,J2E,960.00,1020.00,2,2,2,0,0,OK
od_time_window,W2J,J2N,420.00,480.00,3,3,3,0,0,OK
od_time_window,W2J,J2N,660.00,720.00,1,1,1,0,0,OK
od_time_window,W2J,J2N,780.00,840.00,1,1,1,0,0,OK
od_time_window,W2J,J2S,540.00,600.00,1,1,1,0,0,OK
od_time_window,W2J,J2S,660.00,720.00,1,1,1,0,0,OK
od_time_window,W2J,J2S,1020.00,1080.00,1,1,1,0,0,OK
